1B,每日组织召开项目日会：1、了解及沟通协调各部门工作；2、对工作任务进行布置，落实执行人；3、可拍摄会议现场或会议纪要作为记录。,当天重点工作能分配派发完成，每项任务都有执行人。,D,1,1,项目负责人,项目负责人
1C,每日抽查多名员工（包括驻场服务人员）的工作着装、形象和岗位纪律。,职业着装，无缺人少岗，发色自然色。,D,1,1,项目负责人,项目负责人
1C,每天巡查园区及外围，内容包括：1.【保洁】多个单元楼、园区及外围的卫生是否达到要求；2.【绿化】无病虫害、无杂草、无鼠洞、无枯死、定期修剪；3.【安全】人员、车辆、环境、消防等是否存在安全隐患；4.【设施设备】电梯、照明、给水排水、供配电等设施设备是否正常运作，有无损坏，是否有管理维护记录。,1.卫生符合要求，主管巡查及管理到位；2.绿化无病虫害，绿化带无生活垃圾、及时修剪；3.无未经许可人入园，车辆无乱停乱放，园区无安全隐患，安全无管理缺失，有管理记录；4.电梯运行正常、照明正常，门禁及弱电可正常使用，有维护及管理记录。,D,1,1,项目负责人,项目负责人
1C,检查每日投诉、报修、咨询记录：1.关注处理及时率、处理完成率、有无特别事件；2.对重点事项及时督办。,客服负责人有监督记录，处理及时率不低于90%，当天完成率不低于80%。,D,1,1,项目负责人,项目负责人
1C,装修管理监督：抽查装修管理制度是否执行到位，是否有违规装修。,1.装修户100%已办理装修申请；2.装修户100%每天有人巡查。,W,1,7,项目负责人,项目负责人
1C,巡查配电房，内容：1.防鼠、防虫、防潮、防涝、防火等设施是否定期检查或更换；2.保养效果与标准是否符合要求；3.维保或管理记录是否规范完整。,1.房门有上锁，房内无水患，无垃圾无杂物堆放，防鼠挡板完好、工具摆放整齐；2.设备完好无损，无安全隐患；有按要求巡查，定期保养。,W,1,7,项目负责人,项目负责人
1C,风机房检查：抽查是否上锁，标识是否清晰完整，设备是否定期保养，巡查记录是否完整。,1.房门有上锁，房内无垃圾无杂物；2.设备完好，有定期保养，有巡查记录。,W,1,7,项目负责人,项目负责人
1C,电梯设备检查：抽查电梯轿厢、电梯机房、井底（无机房电梯）。,1.轿厢内无异味、无垃圾，年检证在有效期内，按键及层显正常；2.电梯机房温度合理，设备无异响、无水患、无明显灰尘，钢丝绳无起股断股现象，平层标识清楚，油封油量足够；3.有按时保养，设备运行正常。,W,1,7,项目负责人,项目负责人
1C,抽查水泵房：泵体、管道、控制柜、水位报警、储压罐、水箱等是否正常，有无安全隐患。,1.控制柜有编号有标识；2.水泵运行无异响，管道无滴水漏水，压力值在安全范围内，水流导向指示清楚可见，测试排水泵可正常启动；3.水池水箱检修口上锁；4.有及时维保养及管理记录。,W,1,7,项目负责人,项目负责人
1C,抽查排水系统：抽查天面天台排水口、排水沟、集水井、污水泵等,1.楼顶天面无垃圾堆放，天面排水口无堵塞；2.地面排水沟无垃圾，排水通畅；3.集水井垃圾及时清掏，积水不得超过排水口最高点；4.测试污水泵可正常启动。,W,1,7,项目负责人,项目负责人
1C,抽查中央空调或供暖系统：抽查主机及台架、冷却系统、保温层、管道、泄压阀、风口、开关、标识等,1.主机无异响；2.冷却系统无泄漏，保温层无损坏，风口目测无积尘；3.有按时养护，有巡查管理记录。,W,1,7,项目负责人,项目负责人
1C,抽查停车收费情况：收费情况与实际是否相符。,无少收、无多收，账钱相符，无收费漏洞。,W,1,7,项目负责人,项目负责人
1C,抽查消控中心：查看是否有交接班，设备是否运行正常，是否有异常管理。,1.探头可正常显示、无遮挡，定期记录情况；2.消控主机正常运行，设备无损坏，每次警报及时派人核实并有记录；3.消防设备齐全，无损坏无丢失，水管压力正常，灭火器压力正常，消防通道无堵塞，应急照明正常等。,W,1,7,项目负责人,项目负责人
1C,抽查危险化学用品使用：查看绿化杀虫药剂、四害消杀药剂、工程油漆使用后，使用现场是否放置安全标识及相应管理措施。,杀虫喷药必挂标识、四害消杀有标识、工程刷漆挂标识。,W,1,7,项目负责人,项目负责人
1C,抽查绿化养护：是否有病、虫、害，修剪是否美观，是否有坏死，是否有积水。,绿化无病虫害，绿化带无生活垃圾，及时修剪。,W,1,7,项目负责人,项目负责人
1C,每周多次对供应商人员上班人数进行抽查，了解工作人数和工作要求是否达标。,无缺人少岗；单个人员连续缺岗时间不超过合理范围。,W,1,7,项目负责人,项目负责人
1B,每周与项目部分骨干（不少于一位）进行交流，了解员工意见，进行反馈沟通。,深入沟通工作及生活，消除负面情绪，给予鼓励。,W,1,7,项目负责人,项目负责人
1A,起草每周总结与下周计划，上报公司。,四大专业（客服、工程、安保、环境）有总结汇报，重点工作有进度说明，收费进度按公司指标完成。,W,1,7,项目负责人,项目负责人
1B,组织服务中心品质周检活动：带领项目骨干人员进行品质周检，召开骨干会议，布置任务，落实计划。,工作重点有检查，计划工作有落实。,W,1,7,项目负责人,项目负责人
1C,巡查电梯机房维保运行，内容要求：1.环境干净整洁，无明显灰尘和杂物，温度、湿度符合要求，无鼠患；2.应急灯、门机装置、曳引轮绳槽、相序继电器、称重装置、荷载衡量开关等设备正常运作，无损坏等安全隐患。,1.机房内环境整洁干净，无明显灰尘，无杂物；2.机房内温度不得超过40摄氏度，排风扇正常可用；3.设备无异响、无隐患，防鼠挡板无损坏，应急灯正常；4.平层标识清晰、钢丝绳无断股起股，超载及限速器正常；5.工程按计划巡查，保养效果良好，保养记录完善。,M,1,31,项目负责人,项目负责人
1A,提交本月工作总结、下月计划：包括但不限于本月各专业的任务完成情总，收费进度与分析总结，下月工作计划及采购计划等。,月度重点工作有反馈，收费完成数与指标有对比，未完计划必须有说明与改进计划。,M,1,31,项目负责人,项目负责人
1C,收支把控：对照《年度财务预算》，对比分析当月收支执行情况，如有问题请阐述，并及时制定解决方案。,完成支出不能超过预算100%，收入完成月度指标100%以上，超预算支出必须要有原因说明与调整计划。,M,1,31,项目负责人,项目负责人
1A,审核拟定项目财务公示报表，并进行公示。,公布及时，无错误。,M,1,31,项目负责人,项目负责人
1A,审核项目排班表：确认项目下月度排班。,排班合理，计划性重点日子无休息缺岗。,M,1,31,项目负责人,项目负责人
1A,绩效考核：每月初对员工或供应商上月的绩效及团队状态进行考核评估，并沟通反馈考评结果与意见。,考评结果有客观依据，符合20%优秀、70%合格、10%要提升。,M,1,31,项目负责人,项目负责人
1B,监督项目培训计划落实：包括但不限于新员工培训、管理技巧、专业技能、专题学习等培训。,培训课程有审核，培训效果有考核，抽查人员已掌握。,M,1,31,项目负责人,项目负责人
1C,抽查业主档案、设备台帐、收费台帐的完整性及更新情况，保持档案、台帐保存完整、更新及时。,1.设备台帐变动，1个月内有更新；2.业主档案变动，2个工作日内有更新；3.收费台帐变动，当天内有更新。,M,1,31,项目负责人,项目负责人
1A,进行业主拜访，参加业委会沟通会议：收集业主意见，对业委会进行重点工作沟通。,1.意见合理、可快速落实的，立即布置完成；2.合理但需要时间处理的，告知客户计划安排；3.不合理的需求，要如实告知客户理由及原因（涉及公司敏感信息除外）。,M,1,31,项目负责人,项目负责人
1C,抽查危化物品存放是否安全受控：查看危化物品存放的仓库情况、摆放点、温度、湿度、标识等。,1.存放地封闭上锁；2.危化物品名称、标识、成份组成清晰可见；3.急救方法说明张贴上墙，内容覆盖各类紧急情况（如误用、误食、误吸、误入眼各类危化物品）；4.易燃物品配有专用灭火设备，防毒面具无破损。,M,1,31,项目负责人,项目负责人
1C,对项目进行例行夜查（每月多次）：关注有无睡岗现象及人员在岗状态。,0点-6点无规律突击检查，无人员睡岗脱岗。,M,1,31,项目负责人,项目负责人
1A,审核项目月度工作总结及计划，并进行公示。,1.公布时间及时；2.公布内容无错误、无遗留；重点工作有体现。,M,1,31,项目负责人,项目负责人
1A,抽查物业仓库易耗品管理：关注入库、出库、损耗相关数据。,仓库有管理记录，帐物相符。,M,1,31,项目负责人,项目负责人
1C,重点计划落实监管：抽查季度设备保养计划、绿化养护计划、石材养护计划、安全排查计划是否实施到位。,实施时间合理不超时令，对业主生活产生影响最小化。,Y,101,301,项目负责人,项目负责人
1C,重点计划落实监管：抽查季度设备保养计划、绿化养护计划、石材养护计划、安全排查计划是否实施到位。,实施时间合理不超时令，对业主生活产生影响最小化。,Y,401,630,项目负责人,项目负责人
1C,重点计划落实监管：抽查季度设备保养计划、绿化养护计划、石材养护计划、安全排查计划是否实施到位。,实施时间合理不超时令，对业主生活产生影响最小化。,Y,701,930,项目负责人,项目负责人
1C,重点计划落实监管：抽查季度设备保养计划、绿化养护计划、石材养护计划、安全排查计划是否实施到位。,实施时间合理不超时令，对业主生活产生影响最小化。,Y,1001,1231,项目负责人,项目负责人
1C,检查泳池开放是否安全合规：有持证救生员当值，水质检验合格，救生设备完好，按时开放。,1.救生人员有上岗证；2.无设施破损，无安全隐患，开放时间合理。,Y,101,301,项目负责人,项目负责人
1C,检查泳池开放是否安全合规：有持证救生员当值，水质检验合格，救生设备完好，按时开放。,1.救生人员有上岗证；2.无设施破损，无安全隐患，开放时间合理。,Y,401,630,项目负责人,项目负责人
1C,检查泳池开放是否安全合规：有持证救生员当值，水质检验合格，救生设备完好，按时开放。,1.救生人员有上岗证；2.无设施破损，无安全隐患，开放时间合理。,Y,701,930,项目负责人,项目负责人
1C,检查泳池开放是否安全合规：有持证救生员当值，水质检验合格，救生设备完好，按时开放。,1.救生人员有上岗证；2.无设施破损，无安全隐患，开放时间合理。,Y,1001,1231,项目负责人,项目负责人
1C,进行固定资产盘点抽查。,有定期盘查人，领用使用有登记，责任人明确，帐物相符。,Y,101,301,项目负责人,项目负责人
1C,进行固定资产盘点抽查。,有定期盘查人，领用使用有登记，责任人明确，帐物相符。,Y,401,630,项目负责人,项目负责人
1C,进行固定资产盘点抽查。,有定期盘查人，领用使用有登记，责任人明确，帐物相符。,Y,701,930,项目负责人,项目负责人
1C,进行固定资产盘点抽查。,有定期盘查人，领用使用有登记，责任人明确，帐物相符。,Y,1001,1231,项目负责人,项目负责人
1C,监督二次供水的水质是否符合标准：关注大肠菌群、菌落总数、PH值、余氯等检测项目。,清洗人员有健康证，水质检验报告合格。,Y,101,630,项目负责人,项目负责人
1C,监督二次供水的水质是否符合标准：关注大肠菌群、菌落总数、PH值、余氯等检测项目。,清洗人员有健康证，水质检验报告合格。,Y,701,1231,项目负责人,项目负责人
1A,完成项目年中工作总结与报告。,总结工作内容全面，运营数据与指标有对比。,Y,101,630,项目负责人,项目负责人
1A,完成项目年度工作总结与报告。,总结工作内容全面，运营数据与指标有对比。,Y,701,1231,项目负责人,项目负责人
1A,完成半年度经营性收支报表公示。,公示内容正确无误，公示及时。,Y,101,630,项目负责人,项目负责人
1A,完成半年度经营性收支报表公示。,公示内容正确无误，公示及时。,Y,701,1231,项目负责人,项目负责人
1A,配合公司完成客户满意度调查。,调查意见有跟进、有落实、有回访。,Y,101,1231,项目负责人,项目负责人
1B,监督组织完成消防演习。,人员职责明确，演练过程顺利，参演人员都掌握技能。,Y,101,1231,项目负责人,项目负责人
1B,监督项目建筑物的防雷检测是否完成。,有效接地电阻，要求≤10Ω，按计划时间安成。,Y,101,1231,项目负责人,项目负责人
1C,每日召开早会，内容：1.检查人员出勤和仪容仪表是否正常；2.安排当天重点工作，继续跟进处理未完成事项；3.拍摄上传早会场景。,1.无人员缺勤；2.男不留胡须，男短发梳理，男前发不盖眉、发侧不过耳，后不过领；女化淡妆，长发需用发结盘起，发不染色保持自然发色，头发干净无油污；3.穿着职业装，指甲长不得超过2mm，不涂有色指甲油，指甲内无黑垢；4.当天任务100%安排完毕。,D,1,1,客服负责人,客服负责人
1C,检查客服前台环境：关注台面物品、桌椅摆放及整体前台环境的卫生状况。,工作环境整洁、物品摆放整齐、无垃圾、无乱堆乱放,D,1,1,客服负责人,客服负责人
1C,检查客服交接班记录：1.事件交接，物品交接，内容要求清楚明确；2.接班人员明确是谁，负责跟进处理。,1.换班100%有人交接，接班人及时到岗；2.交接事务、物品的内容没有遗漏，接班人了解清楚后续处理要求。,D,1,1,客服负责人,客服负责人
1A,安排或实施催收费工作：关注催费记录、资金记录、收费台帐日报等。,完成公司收费指标,W,1,1,客服负责人,客服负责人
1C,检查客户接持记录，内容：1.投诉、报修、咨询等记录是否规范；2.客户反馈事务的处理、回复是否及时正确；3.关注处理及时率、报修完成率、回访率、响应时间等数据。,1.投诉、报修确保30分钟内100%响应，安排任务；2.每项任务确保有人负责跟进处理，在指定时间内处理完成；3.如果无法处理，需要及时反馈客户说清楚情况，提供可行的处理建议。,D,1,1,客服负责人,客服负责人
1C,检查各类小区通知：1.检查宣传栏内容及张贴情况是否正常；2.公示的服务电话是否能正常接通。,1.张贴整齐美观，重要公告没有被撕毁，无小广告；2.超过张贴时间的通知及时撤掉；3.没有审批的宣传材料一律不准张贴。,D,1,1,客服负责人,客服负责人
1C,巡查园区，内容：1.卫生是否达标，如目视无垃圾，无乱堆乱放；2.园林绿化是否存在问题；3.给排水、照明、消防、娱乐设施等设备是否正常运作，有无损坏，是否存在安全隐患；4.人员、车辆秩序是否良好。,1.地面整洁卫生，园区没有异味；2.绿化无病虫害，绿化带无生活垃圾，保证及时修剪；3.园区景观设备、休闲设施没有尖锐物体，消防设备完好无损坏；4.照明正常，单元门禁对讲可正常使用；5.无未经许可人入园，车辆无乱停乱放，园区无安全隐患。,D,1,1,客服负责人,客服负责人
1A,提交项目日报：包括收费、报修维修、投诉处理等情况，如有重点关注事件，上报经理,1.每日各项费用收取数据准确，汇总统计无误；2.报修/投诉处理情况要求记录完整：时间、报修/投诉人、负责人、是否处理完成；3.遗留未完成情况，写明原因，汇总上报。,D,1,1,客服负责人,客服负责人
1C,巡查装修户：关注是否有人定期巡查，是否有违规装修，施工是否影响其他住户,1.按规定时间装修；2.装修施工无影响其他住户；3.无违规装修，装修垃圾自主清理，不乱堆乱放。,W,1,7,客服负责人,客服负责人
1A,走访客户：收集客户问题，识别有效问题，跟进处理、与客户同步处理进程。,有走访记录，收集到至少1项问题或建议。,W,1,7,客服负责人,客服负责人
1A,汇总欠费催缴情况：包括欠费原因、解决建议，上报项目经理。,欠费原因100%了解，上报信息准确无误。,W,1,7,客服负责人,客服负责人
1A,更新园区答客问资料：如小区主要服务信息变动，及时修订《应知应会》，并发送给项目经理与各专业主管。,信息变动7天内完成更新。,W,1,7,客服负责人,客服负责人
1C,巡查空置房或空关房：监督有无人巡查，问题有无跟进，有无工作记录，需要时通知业主。,1.空置房门上锁、水电气处于关闭状态，房内无占用；2.空关房门上锁、无异响、无异味、无渗漏，有巡查记录。,W,1,7,客服负责人,客服负责人
1B,组织部门会议：关注客户接待重点事项，及需要跟进落实的工作，明确落实分工。,1.部门所有人员到齐参加会议；2.周重点工作安排无遗漏。,W,1,7,客服负责人,客服负责人
1C,抽查24小时值班或服务电话：是否正常、是否有人接听、接听礼仪是否符合标准。,接听人服务用语、语调正确；开头用语：“您好，***服务中心，请问有什么可以帮到您？”,W,1,7,客服负责人,客服负责人
1A,完成客服部门周报：包括工作计划完成情况，咨询、投诉、报修等数据统计分析，费用数据统计汇总等，并提报物业经理。,1.上周工作计划完成率不低于90%，下周工作计划重点工作100%覆盖；2.周报按时上交，报修、投诉、咨询统计数据完整无遗留，收费与指标有对照。,W,1,7,客服负责人,客服负责人
1B,组织月度培训：如专业培训、新员工培训、案例培训、公司新政文件学习等，拍摄培训现场或培训记录上传。,初次培训合格率不低于80%，复训合格率达到100%。,M,1,31,客服负责人,客服负责人
1A,拟定月度采购计划，经项目经理审核后，提交给上级。,采购计划不超过预算100%，超过预算需要有说明。,M,1,31,客服负责人,客服负责人
1A,完成客服月报：包括工作总结、工作计划，投诉、报修、咨询等数据统计分析等。,1.上月工作计划完成率不低于90%；2.下月工作计划重点工作100%覆盖。,M,1,31,客服负责人,客服负责人
1A,拟定本部门的月度排班计划提交上级。,1.关键日期无休息安排；2.按规定时间提交上级。,M,1,31,客服负责人,客服负责人
1A,拟定需要对外公布的月度公示资料（如APP公示的上月总结和本月计划、小区公告栏宣传资料等）提报上级审核完成，每月5号前完成公示。,及时公示，内容无误，无敏感信息。,M,1,31,客服负责人,客服负责人
1A,完成上月度收费报表等财务报表，提交上级。,及时提报，内容无误。,M,1,31,客服负责人,客服负责人
1C,检查更新业主档案：含业主信息、装修信息、出租信息、车辆登记、业主公约等。,信息变动1个工作日内完成更新。,M,1,31,客服负责人,客服负责人
1C,抽查客服人员服务知识：包含服务用语、应知应会等的熟练情况。,抽查率（抽查人数/客服总人数）不低于50%,M,1,31,客服负责人,客服负责人
1C,抽查所公示的便民服务电话：包括但不限于社区事务常用电话、管家电话、有线电视、电话通信、煤气、派出所等常用电话，防止过期无效号码报给业主使用。,无效号码及时撤下。,M,1,31,客服负责人,客服负责人
1A,组织及施实对在管下属的绩效考核及团队状态评估。,考评结果有客观依据，符合20%优秀、70%合格、10%要做提升沟通。,M,1,31,客服负责人,客服负责人
1A,对重大事件导致的越级投诉，提出预防措施，进行专题汇报，报上级主管。,事件报告客观反应事实、准确无误找到原因。,M,1,31,客服负责人,客服负责人
1B,组织实施小区文化活动（儿童节、中秋、元宵等节日）。,1.活动筹备方案提交项目经理审核；2.活动通知最少提前7天发布；3.活动过程确保现场安全无事故；4.活动结束收集业主评价。,Y,101,301,客服负责人,客服负责人
1B,组织实施小区文化活动（儿童节、中秋、元宵等节日）。,1.活动筹备方案提交项目经理审核；2.活动通知最少提前7天发布；3.活动过程确保现场安全无事故；4.活动结束收集业主评价。,Y,401,630,客服负责人,客服负责人
1B,组织实施小区文化活动（儿童节、中秋、元宵等节日）。,1.活动筹备方案提交项目经理审核；2.活动通知最少提前7天发布；3.活动过程确保现场安全无事故；4.活动结束收集业主评价。,Y,701,930,客服负责人,客服负责人
1B,组织实施小区文化活动（儿童节、中秋、元宵等节日）。,1.活动筹备方案提交项目经理审核；2.活动通知最少提前7天发布；3.活动过程确保现场安全无事故；4.活动结束收集业主评价。,Y,1001,1231,客服负责人,客服负责人
1B,落实园区节目气氛布置（春节、元宵、中秋、国庆、圣诞）。,提前1天完成准备及布置，节目过后次日完成撤下。,Y,101,301,客服负责人,客服负责人
1B,落实园区节目气氛布置（春节、元宵、中秋、国庆、圣诞）。,提前1天完成准备及布置，节目过后次日完成撤下。,Y,401,630,客服负责人,客服负责人
1B,落实园区节目气氛布置（春节、元宵、中秋、国庆、圣诞）。,提前1天完成准备及布置，节目过后次日完成撤下。,Y,701,930,客服负责人,客服负责人
1B,落实园区节目气氛布置（春节、元宵、中秋、国庆、圣诞）。,提前1天完成准备及布置，节目过后次日完成撤下。,Y,1001,1231,客服负责人,客服负责人
1A,发布各类服务提示（节假日、防火、防盗、防台风、文明养狗等文明公约）。,1.提示文字无错误，内容清晰易懂；2.节假日提示要求指定时间前3天完成发布。,Y,101,301,客服负责人,客服负责人
1A,发布各类服务提示（节假日、防火、防盗、防台风、文明养狗等文明公约）。,1.提示文字无错误，内容清晰易懂；2.节假日提示要求指定时间前3天完成发布。,Y,401,630,客服负责人,客服负责人
1A,发布各类服务提示（节假日、防火、防盗、防台风、文明养狗等文明公约）。,1.提示文字无错误，内容清晰易懂；2.节假日提示要求指定时间前3天完成发布。,Y,701,930,客服负责人,客服负责人
1A,发布各类服务提示（节假日、防火、防盗、防台风、文明养狗等文明公约）。,1.提示文字无错误，内容清晰易懂；2.节假日提示要求指定时间前3天完成发布。,Y,1001,1231,客服负责人,客服负责人
1C,检查小区各种客户服务标识：宣传栏、告示栏、小区导向图、楼房编号等功能标识，以及安全标识、服务标识、环境标识、指示标识、提示标识。,1.安全标识标语无缺失，设置地点显眼；2.标识标语清晰可见，各个角度没有遮挡物。,Y,101,301,客服负责人,客服负责人
1C,检查小区各种客户服务标识：宣传栏、告示栏、小区导向图、楼房编号等功能标识，以及安全标识、服务标识、环境标识、指示标识、提示标识。,1.安全标识标语无缺失，设置地点显眼；2.标识标语清晰可见，各个角度没有遮挡物。,Y,401,630,客服负责人,客服负责人
1C,检查小区各种客户服务标识：宣传栏、告示栏、小区导向图、楼房编号等功能标识，以及安全标识、服务标识、环境标识、指示标识、提示标识。,1.安全标识标语无缺失，设置地点显眼；2.标识标语清晰可见，各个角度没有遮挡物。,Y,701,930,客服负责人,客服负责人
1C,检查小区各种客户服务标识：宣传栏、告示栏、小区导向图、楼房编号等功能标识，以及安全标识、服务标识、环境标识、指示标识、提示标识。,1.安全标识标语无缺失，设置地点显眼；2.标识标语清晰可见，各个角度没有遮挡物。,Y,1001,1231,客服负责人,客服负责人
1A,配合公司实施小区年度客户满意率调查。,调查意见有跟进、有落实、回访及时。,Y,101,1231,客服负责人,客服负责人
1C,检查客服前台环境及自己的仪容仪表：1.台面清洁卫生，物品摆放整齐，桌椅排放整齐，不摆放与工作无关的物品；2.着装整洁，仪表得体。,1.男不留胡须，男短发梳理，男前发不盖眉、发侧不过耳，后不过领；2.女化淡妆，长发需用发结盘起，发不染色保持自然发色，头发干净无油污；3.穿着职业装；指甲长不得超过2mm，不涂有色指甲油，指甲内无黑垢。4.工作环境整洁，物品摆放整齐。,D,1,1,管家客服,管家客服
1B,上、下班前交接班，内容与要求：1.清点办公物品，确认物品数量是否正确且完好；2.遗留事务做好安排，要有人持续跟进处理；3.如有任何问题或异常及时反馈，且在完成该任务时阐述。,交接事物无遗留、接手事按时完成跟进。,D,1,1,管家客服,管家客服
1A,进行电话催收费工作：1.每天催收多户，有情况进度及情况说明；2.每天实收费用记录，移交财务。,完成催收指标。,D,1,1,管家客服,管家客服
1A,业主接待，内容与要求：1.投诉、表扬、报修、咨询、业务办理等；2.各项接待事务要记录清晰规范，及时安排处理并回复；3.通过管家田螺APP发布反馈的报修、投诉等问题，安排处理。,完成公司规定的：投诉处理及时率、完成维修及时率、报修完成率、咨询及时回复率等指标。,D,1,1,管家客服,管家客服
1A,办理装修申请：1.核对交费情况（物业费和装修押金），核对业主身份；2.确保所有施工人员办理登记手续，要求提交并审核施工图；3.核对装修内容有无禁止事项，施工规则及时提醒。,1.办理人证件无错误，材料手续完整（业主身份证、房产证、装修平面图、施工方人员身份证、装修协议等）；2.禁止事项与规则100%告知装修人，安全责任书100%签署。,D,1,1,管家客服,管家客服
1C,巡查公共娱乐设备设施：儿童游乐场，老年康体，活动中心等，查看有无隐患,1.设施整洁、现场无垃圾、无积水；2.设施完好，没有尖锐物体等安全隐患；,D,1,1,管家客服,管家客服
1C,装修巡查：1.是否按时间进行装修，是否影响其他住户，有无违规装修；2.有无乱堆垃圾，有无损坏公共财物。,1.按规定时间装修；2.装修施工无影响其他住户；3.无违规装修，装修垃圾自主清理，不乱堆乱放,D,1,1,管家客服,管家客服
1C,空置房/空关房巡查：1.门窗锁、室内水电线路、卫生情况是否有异常，有无跑滴冒漏；2.空关房只巡查门锁与水电表。,1.空置房门上锁，水电气处于关闭状态，房内无占用；2.空关房门上锁，无异响、无异味、无渗漏，有巡查记录。,D,1,1,管家客服,管家客服
1C,巡查单元楼及园区，内容与要求：1.清洁卫生及园林绿化是否达标，如目视无垃圾、垃圾及时清理、无乱堆乱放等；2.门禁是否关闭，有无违章停车，公共设施设备是否正常使用，有无损坏或安全隐患；3.各岗位执勤岗是否正常；4.如有问题，及时通过管家田螺APP发布任务或报修处理。,1.园区地面卫生整洁，没有异味；绿化无病虫害，绿化带无生活垃圾，保证及时修剪；水池水质清澈，无异味，无漂浮异物；园区景观设备、休闲设施完好无损坏；2.单元门禁可正常关闭，车辆无乱停乱放，园区照明正常，电梯运行正常，无安全隐患、垃圾房垃圾及时清运、垃圾桶内垃圾少于2/3；无未经许可人入园，无安全隐患；3.各岗位无脱岗睡岗；4.有问题在完成巡查之前发布相关任务。,D,1,1,管家客服,管家客服
1B,查看是否有预约需要将快递放置快递柜（或指定）地点情况。,1.快件包裹完好，按规定顺序摆放整齐；2.核对领取人的身份，确认取件码、APP信息、取件短信三者之一；3.确认包裹收件人信息与领取人提供的一致；4.若没有取件凭证，要求收件人签字记录，信息填写完整无遗漏；若为代领，需电话沟通物主核对信息才能领走。,D,1,1,管家客服,管家客服
1A,制定工作周报，并提报给主管，内容：工作计划完成情况，客服数据分析，费用数据统计汇总。,周工作100%有描述，按实际进度汇报。,W,1,7,管家客服,管家客服
1A,走访客户：收集客户问题，识别有效问题，跟进处理、与客户同步处理进程。,有走访记录、收集到至少1项问题或建议。,W,1,7,管家客服,管家客服
1A,制定个人月度工作总结报告，提交部门主管。,月度总结无遗漏，重要的工作100%有描述。,M,1,31,管家客服,管家客服
1C,检查客服前台环境及自己的仪容仪表：1.台面清洁卫生，物品摆放整齐，桌椅排放整齐，不摆放与工作无关的物品；2.着装整洁，仪表得体。,1.男不留胡须，男短发梳理，男前发不盖眉、发侧不过耳，后不过领；2.女化淡妆，长发需用发结盘起，发不染色保持自然发色，头发干净无油污；3.穿着职业装；指甲长不得超过2mm，不涂有色指甲油，指甲内无黑垢。4.工作环境整洁，物品摆放整齐。,D,1,1,前台客服,前台客服
1B,上、下班前交接班，内容与要求：1.清点办公物品，确认物品数量是否正确且完好；2.遗留事务做好安排，要有人持续跟进处理；3.如有任何问题或异常及时反馈，且在完成该任务时阐述。,交接事物无遗留、接手事按时完成跟进。,D,1,1,前台客服,前台客服
1A,业主接待，内容与要求：1.投诉、表扬、报修、咨询、业务办理等；2.各项接待事务要记录清晰规范，及时安排处理并回复；3.通过管家田螺APP发布反馈的报修、投诉等问题，安排处理。,完成公司规定的：投诉处理及时率、完成维修及时率、报修完成率、咨询及时回复率等指标,D,1,1,前台客服,前台客服
1A,办理停车证、出入证：1.核实办理人身份；2.核实交费情况，停车/出入规则告知。,1.办理人证件无错误，材料手续完整（身份证、房产证、行驶证等）；2.规则100%告知办理人。,D,1,1,前台客服,前台客服
1A,办理装修申请：1.核对交费情况，业主身份；2.确保所有施工人员办理登记手续，要求提交并审核施工图；3.核对装修内容有无禁止事项，施工规则及时提醒。,1.办理人证件无错误，材料手续完整（业主身份证、房产证、装修平面图、施工方人员身份证、装修协议等）；2.禁止事项与规则100%告知装修人，安全责任书100%签署。,D,1,1,前台客服,前台客服
1A,办理物品放行申请业务：1.有爱家田螺APP则要求使用APP办理；2.若无APP，则做好登记；联系业主，获得业主确认。,业主身份100%经过核实 。,D,1,1,前台客服,前台客服
1B,查看是否有预约需要将快递放置快递柜（或指定）地点情况。,1.快件包裹完好，按规定顺序摆放整齐；2.核对领取人的身份，确认取件码、APP信息、取件短信三者之一；3.确认包裹收件人信息与领取人提供的一致；4.若没有取件凭证，要求收件人签字记录，信息填写完整无遗漏；若为代领，需电话沟通物主核对信息才能领走。,D,1,1,前台客服,前台客服
1A,制定工作周报，并提报给主管，内容：工作计划完成情况，客服数据分析，费用数据统计汇总,周工作100%有描述，按实际进度汇报。,W,1,7,前台客服,前台客服
1A,制定个人月度工作总结报告，提交部门主管。,月度总结无遗漏，重要的工作100%有描述。,M,1,31,前台客服,前台客服
1A,档案整理：租户资料、业主资料、装修资料等，按要求规范装订成册，并放置业委会存档。,信息变动1个工作日内完成更新、信息无错误。,M,1,31,前台客服,前台客服
1C,上班前设配用品检查：1.检查收费岗位物品；2.打印机是否正常。,1.发票是否够用；2.收费设备（如打印机）是否正常。,D,1,1,财务,财务
1A,进行电话催收物业费、水电费等。,完成公司收费指标。,D,1,1,财务,财务
1A,停车费收取：1.每天对车库停车车辆数进行核查；2.对车库岗进行当日停车场收费现金与票据检查。,无少收、无多收，账钱相符，无收费漏洞。,D,1,1,财务,财务
1A,每日制定工作日志（报告），发送项目经理及公司财务相关人，内容：统计汇总费用收支明细，包括物业费、装修收费、停车收费、代收水电及其他收支等,填写没有错误，记录没有遗漏。,D,1,1,财务,财务
1A,财务帐核对：收入记帐、对帐，将已收户数报催费责任人。,帐目清晰、无错误、无遗漏。,D,1,1,财务,财务
1A,下班前必须将现金存入公司指定帐号或保险柜。,公司现金不超过要求值。,D,1,1,财务,财务
1A,制定财务收费周报，并提交主管。,1.体现收费指标、实际收取完成数；2.存在问题描述清楚。,W,1,7,财务,财务
1A,各种许可证办理：物品放行条、装修许可证，施工出入证的发放与管理。,1.证件无错误，材料手续完整；2.禁止事项与规则100%告知装修人，安全责任书100%签署。,W,1,7,财务,财务
1A,提交月度工作总结：向主管报送工作总结。,月度工作有收费统计，重要的工作100%有描述。,M,1,31,财务,财务
1A,提报下月度财务用款计划或结算申请及各类报销凭证。,财务凭证完整，用款计划与结算申请无遗漏。,M,1,31,财务,财务
1A,提交月度财务总结：收费、支出统计汇总，对比分析预算执行情况，如有超支等异常情况需要阐述。,月度预算数与实际执行数对比，超出预算要有说明和下月收支计划,M,1,31,财务,财务
1A,拟定小区需要公示的财务报表，报上级主管审核并公示。,公示内容正确，主管审核完成，公示及时。,M,1,31,财务,财务
1A,完成对项目季度财务经营情况与预算，对比分析及预警（预算执行、收费完成情况、支出控制情况）提交项目经理。,季度预算数与实际执行数对比，数据准确无误。,Y,101,301,财务,财务
1A,完成对项目季度财务经营情况与预算，对比分析及预警（预算执行、收费完成情况、支出控制情况）提交项目经理。,季度预算数与实际执行数对比，数据准确无误。,Y,401,630,财务,财务
1A,完成对项目季度财务经营情况与预算，对比分析及预警（预算执行、收费完成情况、支出控制情况）提交项目经理。,季度预算数与实际执行数对比，数据准确无误。,Y,701,930,财务,财务
1A,完成对项目季度财务经营情况与预算，对比分析及预警（预算执行、收费完成情况、支出控制情况）提交项目经理。,季度预算数与实际执行数对比，数据准确无误。,Y,1001,1231,财务,财务
1A,落实年度预算编制（下年度收入预算，下年度支出预算）提报公司财务管理人员。,预算编制合理，测算依据准确无误。,Y,101,1231,财务,财务
1A,仓库日常管理：对管理处的文具、低值易耗品等物品，进行盘点及出入库登记。,1.领用物品名目、数量、时间登记清楚；2.领用人100%有领用签字；3.现场盘点物品，要求做到帐物相符；4.有变化时，及时记录清楚变化时间和数量。,D,1,1,行政内务,行政内务
1C,劳保用品管理：对服装、工卡、工号、工牌、雨衣、急救箱、反光衣、遮阳伞、防暑用品等进行发放、核查管理。,1.领用物品名目、数量、时间登记清楚；2.领用人100%有领用签字。,D,1,1,行政内务,行政内务
1A,提交周报：每周给主管提交周报。,周报无遗漏。,W,1,7,行政内务,行政内务
1C,进行固定资产盘点，对使用状态、去向进行了解并登记。,1.要求现场盘查，做到帐物相符；2.资产有独立编号，使用状态要求描述准确。,W,1,7,行政内务,行政内务
1A,进行物品申购：向上级提交月度申购单，做好月度把控和应急预留。,1.申请物品名目与数量无遗漏；2.申请计划有依据。,M,1,31,行政内务,行政内务
1A,整理工作档案：及时归档各种资料，更新目录。,信息变动2个工作日内完成更新、信息无错误。,M,1,31,行政内务,行政内务
1A,更新小区人员资料：人事发生调动、入职、离职等变化时，更新花名册。,信息变动2个工作日内完成更新、信息无错误。,M,1,31,行政内务,行政内务
1B,每天晨会：1.检查下属人员出勤情况；2.交待具体工作安排和人员分工调配。,无人员缺勤，当天任务100%安排完毕。,D,1,1,工程负责人,工程负责人
1A,工单接单及处理情况监管：关注接单时间、维修时长、人均维修数量、维修质量及业主满意度等。,及时接单率不低于95%，当日维修完成率不低于80%。,D,1,1,工程负责人,工程负责人
1C,给水排水系统巡查：关注水泵房、消防泵房、排水泵、主机控制柜、泵体、管道、储压罐、报警系统、流向标识等是否正常运作、有无损坏、异响等安全隐患。,1.加压泵：无异响，无漏水，各编号泵体之间可正常转换；2.控制柜：无灰尘，电路接头无锈迹，指标灯正常，变频控制器正常，标识明确完整；3.管道：水流标识明显，阀门状态标识明显，闸阀、蝶阀的阀芯及法兰连接处是否滴水；4.储压罐：压力在标准值范围内；5.水位警报器：无损坏，无锈迹；6.排水泵：浮球阀正常，自动排水功能正常；7.防鼠挡板：无损坏，无缝隙；8.蓄水池或储水箱：检修口上锁，无水溢出，止回阀、浮球阀、液位控制阀是否正常；9.巡查记录：工程人员巡查真实，并有记录。,D,1,1,工程负责人,工程负责人
1A,进行催收费工作：通过电话方式或上门方式对业主进行催收费。,完成催费指标。,D,1,1,工程负责人,工程负责人
1C,装修户巡查、管理，内容与要求：1.内容：强电线路、水管、弱电布线、防水层、承重墙、五金接件、房屋布局、煤气管道、排烟系统、排水系统、配线盒、房屋电器总功率；2.要求：是否符合装修规范，管道有无堵塞，有无乱拉乱搭电线，有无破坏防水。,1.施工内容不超过许可的范围；2.禁止破坏：房屋结构的柱、梁、墙等承重结构不得损坏；3.强电线路：走线无隐患；4.水管：布管无隐患；5.涉及防水：防水层无破坏；防水层重做的，要养水测试48小时，必须核查底层无渗漏；6.房屋布局：不具备防水的区域禁止建厨房或卫生间；7.煤气管道：无隐患；8.排烟：接入公共烟道，并有止回阀；9.排水：地面坡度合理，排水管道无堵塞；10.进线盒：电线规格和容量不超过单户最大值；11.空调设备：放置合理，不影响外立面统一美观；12.装修现场：有灭火器，材料堆放不超楼面承重；13.破损性施工：楼面开挖厚度不得超过安全值。,D,1,1,工程负责人,工程负责人
1C,巡查配电房及强电管井，内容：1.防鼠挡板、超声防鼠器、排风口、漏网、配电柜、电压电流表读数，辅助工具是否正常；2.操作标识、状态标识、安全标识是否完好；3.是否有电工巡查管理且记录清晰规范。,1.工程人员巡查真实并有记录、环境卫生整洁；2.配电柜：无明显灰尘、工作电压、工作电流、功率因数数值稳定正常、指示灯正常；3.标识：有状态标识、安全标识、操作标识完好无损；4.配电柜有无噪声；5.继电器、交流接触器、断路器、闸刀开关：外表清洁，触点完好，无过热现象，无噪音；6.控制回路：压接良好、标号清晰，绝缘无变色老化；7.电容无功补偿：电容接触器良好，电容补偿三相平衡，电容器无发热膨胀，也不冰冷，接头不发热变色；8.母线排：压接良好，色标清晰，绝缘良好；9.门窗及防小动物设施：门窗开启灵活，无>10mm缝隙，无严重锈蚀；10.通风照明设施：通风网无>10mm小孔，无严重锈蚀；11.绝缘工具：正常有效，无损坏；12.灭火器：压力正常、无严重锈蚀。,D,1,1,工程负责人,工程负责人
1C,巡查公共设施及弱电系统，内容：电灯照明、应急灯、烟道、风口、梯门、单元门禁、可视对讲系统、道闸、弱电管井等是否正常。,1.电灯照明：可正常亮灯；2.应急灯：断电测试，能自动亮起；3.烟道：无异味；4.风口：无堵塞；5.防火门：能自动关闭；6.单元进门：自动关闭，无异响。7.可视对讲系统：正常使用、无损坏；8.道闸：可正常使用；9.弱电管井：门上锁，无乱堆乱放。,W,1,7,工程负责人,工程负责人
1C,巡查电梯机房，内容与要求：1.环境干净整洁，无明显灰尘，无杂物，无鼠患；2.设备是否存在异响、损坏等安全隐患，温度、湿度是否符合要求；3.应急灯、门机装置、曳引轮绳槽 、相序继电器、称重装置、荷载状态开关是否正常运行。,1.定期保养：电梯有定期按时保养记录。2.室内环境：干净无明显灰尘，无杂物、无水患。3.温度：排风机或空调正常启动，机房温度不允许超过40摄氏度。4.设备运作：无异响，无不规律振动冲击。5.平层标识：平层准确度应无显著变化（平层标识与固定标识差额范围在5CM-8CM内）。6.主机控制柜：电气部件无变色，无异味。7.钢丝绳：无起股，无断股。8.限速器：无损坏。9.辅属设施：防鼠挡板完好，缝隙不能>10MM；应急灯完好，可以自己启动；灭火器压力正常。,W,1,7,工程负责人,工程负责人
1C,景观设施巡查：巡查小区公共五金器材、木器制品、景观设备是否正常。,1.五金器材：无损坏，无重锈。2.木器制品：无腐朽，没有生出菌类。3.景观设备：无安全隐患，线路无裸露。,W,1,7,工程负责人,工程负责人
1C,巡查排水排污系统：地面排水、车库排水、天面的排水沟、集水井、排污管、雨水井是否畅通、无堵塞、无溢水。,1.排水沟：无杂物，排水坡度合理，排水畅顺；2.集水井：无垃圾，积泥不超最底管道口；3.排污管：无堵塞，无漏水。,W,1,7,工程负责人,工程负责人
1C,巡查园区电子导向标识：巡查道路路面及园区导向标识系统，是否正常，是否有用电隐患。,1.指示牌：完好无损，无脱落；2.导向标识：指示正确清晰。,W,1,7,工程负责人,工程负责人
1C,巡查安防设备：检查监控、摄像头是否正常并记录。,1.监控显示：能正常使用；2.摄像头：图像清晰、无遮档物。,W,1,7,工程负责人,工程负责人
1C,有楼顶吊装装置的小区：必须检查吊装绳的是否完好，滑轮的是正常，轴承是否有油，是否存在安全隐患。,1.吊装绳：无断股，无锈迹；2.顶部立架稳固可靠，不得超承重使用；3.使用有申请，有记录。,W,1,7,工程负责人,工程负责人
1C,电梯外包服务工作监管，内容：1.进行月度保养时现场监督、拍照；2.根据电梯运行及保养状态进行月度考评并提报上级主管。,1.每月至少保养2次，每次保养时间间隔15天；2.现场保养作业效果如-室内环境：干净无明显灰尘，无杂物、无水患；排风机或空调正常启动，机房温度不允许超过40摄氏度；设备运行无异响，无不规律振动冲击；平层标识准确度应无显著变化（平层标识与固定标识差额范围在5CM-8CM内）；主机控制柜电气部件无因过热线路变色或发出焦热的臭味；钢丝绳无起股、无断股；限速器无损坏；辅属设施：防鼠挡板完好，缝隙不能>10MM；应急灯完好可以自己启动；灭火器压力正常；3.外包单位月度考核，依据月度监督结果产生。,M,1,31,工程负责人,工程负责人
1B,实施电梯月度保养：包括电梯主机、轿厢、传动系统三大部分的保养。,1.提前5天完成保养通知张贴；2.确认轿厢内无人后，停梯；3.维保首层电楼等侯厅竖起围栏；4.机房：干净无明显灰尘，无杂物，无水患；温度：排风机或空调正常启动，机房温度不允许超过40摄氏度；设备运行：无异响，无不规律振动冲击，各类接确点紧固，无松动；平层标识：平层准确度应无显著变化（规定范围5CM-8CM内）；钢丝绳：无起股，无断股；限速器：无损坏；活动部位：油量100%、油质无变坏；5.机身与井道-内外门：可正常开闭。行车检查无异响，运行平稳，无安全隐患；6.辅属设施：防鼠挡板完好，缝隙不能>10MM；应急灯完好可以自己启动；灭火器压力正常；7.完成保养后开梯：现场清理无遗漏，开关100%复位，门100%上锁。,M,1,31,工程负责人,工程负责人
1C,巡查风机房：无堆放杂物，无物品损坏，设施正常。,机房门有上锁；机房及门口无堆放杂物；机房内无物品损坏；各类接确头完好无锈蚀；开机试验，观察各仪表、指示灯指示应正常，设施运转正常、无异响。,M,1,31,工程负责人,工程负责人
1B,按计划对小区设备进行保养和维修：包括水泵设备房保养、配电设备房保养、风机房保养、消防设备保养等,保养计划安排合理，按时完成100%保养工作内容,M,1,31,工程负责人,工程负责人
1A,制定工程部物品采购领用计划及相关费用预算，并上报。,1.非季节性物耗，按上个月度使用总量120%定预留库存量，按差额提报采购量；2.季节性物耗，按上年度同期用量的100%预留库存量，按差额提报采购量；下月费用根据业务需求控制在不超月度预算100%额内申请，超预算要说明。,M,1,31,工程负责人,工程负责人
1B,施实月度培训：有培训计划、有培训课程、有培训照片。,首次培训合格率不低于80%，二次培训合格率100%。,M,1,31,工程负责人,工程负责人
1A,月度绩效考核：对在管下属进行绩效考核及反馈，以及进行团队状态评估。,考评结果有客观依据，考评等级以人数比例划分，符合20%“优秀”+70%“合格”+10%“要提升”的三级标准。,M,1,31,工程负责人,工程负责人
1A,进行设备台帐与档案更新，统计设备完好率。,设备更新改造完成后的1周内完成档案更新，资料图纸无错误。,M,1,31,工程负责人,工程负责人
1A,统计能耗台账，分析小区能耗费用。,1.能耗抄表数出错率控制在3‰之内，出错率超过需要列入下属员工考核；2.根据数据对用电量、用水量对比分析，波动超过历史、合理值的，查明原因，提出控制方法。,M,1,31,工程负责人,工程负责人
1A,完成月度总结计划：对当月工作进行总结。,上月工作计划完成率不低于90%，下月工作计划重点工作100%覆盖；存在安全隐患事项必须报告与计划。,M,1,31,工程负责人,工程负责人
1C,进行房屋共用部位及本体季度检查：外立面、沉降点、承重结构、伸缩缝、墙体、女儿墙等。,主体结构的构件无变形、开裂、炭化、腐蚀、遭受严重蚁害；承重墙无开裂；无明显加大房屋荷载；房屋连接件无松动或失稳。,Y,101,301,工程负责人,工程负责人
1C,进行房屋共用部位及本体季度检查：外立面、沉降点、承重结构、伸缩缝、墙体、女儿墙等。,主体结构的构件无变形、开裂、炭化、腐蚀、遭受严重蚁害；承重墙无开裂；无明显加大房屋荷载；房屋连接件无松动或失稳。,Y,401,630,工程负责人,工程负责人
1C,进行房屋共用部位及本体季度检查：外立面、沉降点、承重结构、伸缩缝、墙体、女儿墙等。,主体结构的构件无变形、开裂、炭化、腐蚀、遭受严重蚁害；承重墙无开裂；无明显加大房屋荷载；房屋连接件无松动或失稳。,Y,701,930,工程负责人,工程负责人
1C,进行房屋共用部位及本体季度检查：外立面、沉降点、承重结构、伸缩缝、墙体、女儿墙等。,主体结构的构件无变形、开裂、炭化、腐蚀、遭受严重蚁害；承重墙无开裂；无明显加大房屋荷载；房屋连接件无松动或失稳。,Y,1001,1231,工程负责人,工程负责人
1C,完成小区二次供水的清洗及水质检验：关注大肠菌群、菌落总数、PH值、余氯等检测指标。,1.每季度清1次；清洗人员100%持健康证；2.水质检测结果符合细菌总数Q80 CFU/mL，大肠菌群每100mL不得检出，无肉眼可见物，浑浊度Q1NTU，氯化物Q250mg/L。,Y,101,301,工程负责人,工程负责人
1C,完成小区二次供水的清洗及水质检验：关注大肠菌群、菌落总数、PH值、余氯等检测指标。,1.每季度清1次；清洗人员100%持健康证；2.水质检测结果符合细菌总数Q80 CFU/mL，大肠菌群每100mL不得检出，无肉眼可见物，浑浊度Q1NTU，氯化物Q250mg/L。,Y,401,630,工程负责人,工程负责人
1C,完成小区二次供水的清洗及水质检验：关注大肠菌群、菌落总数、PH值、余氯等检测指标。,1.每季度清1次；清洗人员100%持健康证；2.水质检测结果符合细菌总数Q80 CFU/mL，大肠菌群每100mL不得检出，无肉眼可见物，浑浊度Q1NTU，氯化物Q250mg/L。,Y,701,930,工程负责人,工程负责人
1C,完成小区二次供水的清洗及水质检验：关注大肠菌群、菌落总数、PH值、余氯等检测指标。,1.每季度清1次；清洗人员100%持健康证；2.水质检测结果符合细菌总数Q80 CFU/mL，大肠菌群每100mL不得检出，无肉眼可见物，浑浊度Q1NTU，氯化物Q250mg/L。,Y,1001,1231,工程负责人,工程负责人
1C,雨季前中对排水系统进行大检查：关注公共飘台排水口、天面排水口、滤网、管道、雨水井、有倒灌历史点的重点检查。,排水通畅，无堵塞。,Y,101,301,工程负责人,工程负责人
1C,雨季前中对排水系统进行大检查：关注公共飘台排水口、天面排水口、滤网、管道、雨水井、有倒灌历史点的重点检查。,排水通畅，无堵塞。,Y,401,630,工程负责人,工程负责人
1C,雨季前中对排水系统进行大检查：关注公共飘台排水口、天面排水口、滤网、管道、雨水井、有倒灌历史点的重点检查。,排水通畅，无堵塞。,Y,701,930,工程负责人,工程负责人
1C,雨季前中对排水系统进行大检查：关注公共飘台排水口、天面排水口、滤网、管道、雨水井、有倒灌历史点的重点检查。,排水通畅，无堵塞。,Y,1001,1231,工程负责人,工程负责人
1C,根据年度计划进行防雷检测：测试接地电阻是否符合标准要求。,网线无松脱，锈蚀截面不能大于30%，在距离被测接地极20米的位置插入电流探测针，一般建筑物防雷不大于10Ω。,Y,101,1231,工程负责人,工程负责人
1C,完成特种设备年度检测：包括电梯年检、锅炉检测、园区车辆检测等。,按时拿到检测合格证。,Y,101,1231,工程负责人,工程负责人
1C,完成工具的校验与检测：包括万能表、钳表、摇表、电焊机等。,检测结果符合安全使用值。,Y,101,1231,工程负责人,工程负责人
1B,完成小区公共园区的木器油漆、铁器上漆等。,漆面均匀，无漏刷，无滴出污染。,Y,101,1231,工程负责人,工程负责人
1B,完成小区化粪池年度清理：清掏、清理、清运。,一级池清运90%，二级池清运75%，三级池粪便固体物（屎块）清运100%。,Y,101,1231,工程负责人,工程负责人
1C,检查楼宇公共设施及弱电系统：关注电灯照明、应急灯、烟道、风口、梯门、智能门禁系统、可视对讲系统、道闸、弱电管井等是否正常。,1.电灯照明：可正常亮灯；2.应急灯：断电测试，能自动亮起；3.烟道：无异味；4.风口：无堵塞；5.防火门：能自动关闭；6.单元门禁：自动关闭，无异响；7.可视对讲系统：正常使用、无损坏；8.道闸：可正常使用；9.弱电管井：门上锁，无乱堆乱放。,D,1,1,工程,工程
1C,巡查电梯轿厢运行情况：关注升降速度、照明、通风、有无异常,梯内卫生整洁，运行速度平稳，照明正常明亮，通风顺畅，升降无异响。,D,1,1,工程,工程
1C,装修管理：巡查装修户，关注强电线路、水管、弱电布线、防水层、承重墙、五金接件、房屋布局、煤气管道、排烟系统、排水系统、配线盒、房屋电器总功率是否符合装修规范，管道有无堵塞，有无乱拉乱搭电线，有无破坏防水。,1.施工内容不超过许可的范围；2.禁止破坏：房屋结构的柱、梁、墙等承重结构不得损坏；3.强电线路：走线无隐患；4.水管：布管无隐患；5.涉及防水：防水层无破坏；防水层重做的，要养水测试48小时，必须核查底层无渗漏；6.房屋布局：不具备防水的区域禁止建厨房或卫生间；7.煤气管道：无隐患；8.排烟：接入公共烟道，并有止回阀；9.排水：地面坡度合理，排水管道无堵塞；10.进线盒：电线规格和容量不超单户最大值；11.空调设备：放置合理，不影响外立面统一美观；12.装修现场：有灭火器，材料堆放不超过楼面承重；13.破损性施工：楼面开挖厚度不得超过安全值；14.巡查完成并记录。,D,1,1,工程,工程
1C,给水系统巡查，内容：1.水泵房及消防泵房的主机控制柜、泵体、管道、储压罐、压力值、报警系统、排水泵是否正常运行；2.流向标识、操作标识、安全标示是否完好，水池小箱是否密封上锁。,1.加压泵：无异响、无漏水、各编号泵体之间可正常转换；2.控制柜：无灰尘、电路接头无锈迹、指标灯正常、变频控制器正常、标识明确完整；3.管道：水流标识明显、阀门状态标识明显，闸阀、蝶阀的阀芯及法兰连接处是否滴水；4.储压罐：压力在标准值范围内；5.水位警报器：无损坏，无锈迹；6.排水泵：浮球阀正常，自动排水功能正常；7.防鼠挡板：无损坏，无缝隙；8.蓄水池或储水箱：检修口上锁、无水溢出，止回阀、浮球阀、液位控制阀是否动作可靠；9.巡查记录：巡查完成并记录。,D,1,1,工程,工程
1C,巡查景观设施：关注园区五金、木器、景观设备、指示牌等标识系统是否完好。,1.五金器材：无损坏，无重锈；2.木器制品：无腐朽，没有生长菌类；3.景观设备：无安全隐患，线路无裸露。,D,1,1,工程,工程
1C,电梯机房及轿厢巡查，内容：1.机房环境、保养质量；层门联锁、地坎、限速器、制动器、油杯、油量、限速钢丝绳、松闸板手等是否正常；2.环境整洁，无异响，无水患，无鼠患，温度湿度符合要求。,1.定期保养：电梯有定期按时保养记录；2.室内环境：干净无明显灰尘，无杂物、无水患；3.温度：排风机或空调正常启动，机房温度不允许超过40摄氏度；4.设备运作：无异响，无不规律振动冲击；5.平层标识：平层准确度应无显著变化（平层标识与固定标识差额范围在5CM-8CM内）；6.主机控制柜：电气部件无变色，无异味；7.钢丝绳：无起股，无断股；8.限速器：无损坏；9.辅属设施：防鼠挡板完好，缝隙不能>10MM；应急灯完好，可以自己启动；灭火器压力正常。,W,1,7,工程,工程
1C,巡查排水排污系统，内容：关注地面、车库、天面、路面、排水沟、集水井、雨水井、排水泵，污水井、排污管是否有堵塞,1.排水沟：无杂物，排水坡度合理，排水畅顺；2.集水井：无垃圾，积泥不超最底管道口；3.排污管：无堵塞，无漏水。,W,1,7,工程,工程
1C,配电房巡查，内容：1.防鼠挡板、超声防鼠器、排风口、漏网、配电柜、电压电流表读数、辅助工具是否正常；2.操作标识、状态标识、安全标识是否完好；3.是否有电工巡查管理且记录规范清晰。,1.工程人员巡查真实并有记录、环境卫生整洁；2.配电柜：无明显灰尘、工作电压、工作电流、功率因数数值稳定正常、指示灯正常；3.标识：有状态标识、安全标识、操作标识完好无损；4.配电柜有无噪声；5.继电器、交流接触器、断路器、闸刀开关：外表清洁，触点完好，无过热现象，无噪音；6.控制回路：压接良好、标号清晰，绝缘无变色老化。7.电容无功补偿：电容接触器良好，电容补偿三相平衡，电容器无发热膨胀，也不冰冷，接头不发热变色；8.母线排：压接良好，色标清晰，绝缘良好；9.门窗及防小动物设施：门窗开启灵活，无>10mm缝隙，无严重锈蚀；10.通风照明设施：通风网无>10mm小孔，无严重锈蚀；11.绝缘工具：正常有效，无损坏；12.灭火器：压力正常、无严重锈蚀。,W,1,7,工程,工程
1C,有楼顶吊装装置的小区：必须检查吊装绳的是否完好，滑轮的是正常，轴承是否有油，是否存在安全隐患。,1.吊装绳：无断股、无锈迹；2.顶部立架稳固可靠，不得超承重使用；3.使用有申请，有记录。,W,1,7,工程,工程
1B,实施电梯月度保养：包括电梯主机、轿厢、传动系统三大部分的保养。,1.提前5天完成保养通知张贴；2.确认轿厢内无人后，停梯；3.维保首层电楼等侯厅竖起围栏；4.机房：干净无明显灰尘，无杂物，无水患；温度：排风机或空调正常启动，机房温度不允许超过40摄氏度；设备运行：无异响，无不规律振动冲击，各类接确点紧固，无松动；平层标识：平层准确度应无显著变化（规定范围5CM-8CM内）；钢丝绳：无起股，无断股；限速器：无损坏。活动部位：油量100%、油质无变坏；5.机身与井道-内外门：可正常开闭。行车检查无异响，运行平稳，无安全隐患；6.辅属设施：防鼠挡板完好，缝隙不能>10MM；应急灯完好可以自己启动；灭火器压力正常；7.完成保养后开梯：现场清理无遗漏，开关100%复位，门100%上锁。,M,1,31,工程,工程
1A,进行小区水表、电表抄报读数，建立能耗台帐。,抄表出错率不超过3‰。,M,1,31,工程,工程
1C,进行房屋共用部位及本体季度检查：外立面、沉降点、承重结构、伸缩缝、墙体、女儿墙等。,主体结构的构件无变形、开裂、炭化、腐蚀、遭受严重蚁害；承重墙无开裂；无明显加大房屋荷载；房屋连接件无松动或失稳。,Y,101,301,工程,工程
1C,进行房屋共用部位及本体季度检查：外立面、沉降点、承重结构、伸缩缝、墙体、女儿墙等。,主体结构的构件无变形、开裂、炭化、腐蚀、遭受严重蚁害；承重墙无开裂；无明显加大房屋荷载；房屋连接件无松动或失稳。,Y,401,630,工程,工程
1C,进行房屋共用部位及本体季度检查：外立面、沉降点、承重结构、伸缩缝、墙体、女儿墙等。,主体结构的构件无变形、开裂、炭化、腐蚀、遭受严重蚁害；承重墙无开裂；无明显加大房屋荷载；房屋连接件无松动或失稳。,Y,701,930,工程,工程
1C,进行房屋共用部位及本体季度检查：外立面、沉降点、承重结构、伸缩缝、墙体、女儿墙等。,主体结构的构件无变形、开裂、炭化、腐蚀、遭受严重蚁害；承重墙无开裂；无明显加大房屋荷载；房屋连接件无松动或失稳。,Y,1001,1231,工程,工程
1C,对二次供水的水池、水箱进行清洗。,1.每季度清1次；清洗人员100%持健康证；2.水质检测结果符合细菌总数Q80 CFU/mL，大肠菌群每100mL不得检出，无肉眼可见物，浑浊度Q1NTU，氯化物Q250mg/L。,Y,101,301,工程,工程
1C,对二次供水的水池、水箱进行清洗。,1.每季度清1次；清洗人员100%持健康证；2.水质检测结果符合细菌总数Q80 CFU/mL，大肠菌群每100mL不得检出，无肉眼可见物，浑浊度Q1NTU，氯化物Q250mg/L。,Y,401,630,工程,工程
1C,对二次供水的水池、水箱进行清洗。,1.每季度清1次；清洗人员100%持健康证；2.水质检测结果符合细菌总数Q80 CFU/mL，大肠菌群每100mL不得检出，无肉眼可见物，浑浊度Q1NTU，氯化物Q250mg/L。,Y,701,930,工程,工程
1C,对二次供水的水池、水箱进行清洗。,1.每季度清1次；清洗人员100%持健康证；2.水质检测结果符合细菌总数Q80 CFU/mL，大肠菌群每100mL不得检出，无肉眼可见物，浑浊度Q1NTU，氯化物Q250mg/L。,Y,1001,1231,工程,工程
1C,雨季前中对排水系统进行大检查：关注公共飘台排水口、天面排水口、滤网、管道、雨水井、有倒灌历史点的重点检查。,排水通畅，无堵塞。,Y,101,301,工程,工程
1C,雨季前中对排水系统进行大检查：关注公共飘台排水口、天面排水口、滤网、管道、雨水井、有倒灌历史点的重点检查。,排水通畅，无堵塞。,Y,401,630,工程,工程
1C,雨季前中对排水系统进行大检查：关注公共飘台排水口、天面排水口、滤网、管道、雨水井、有倒灌历史点的重点检查。,排水通畅，无堵塞。,Y,701,930,工程,工程
1C,雨季前中对排水系统进行大检查：关注公共飘台排水口、天面排水口、滤网、管道、雨水井、有倒灌历史点的重点检查。,排水通畅，无堵塞。,Y,1001,1231,工程,工程
1C,强电、弱电管井巡查。,井门已上锁，线路无拉乱接。,Y,101,301,工程,工程
1C,强电、弱电管井巡查。,井门已上锁，线路无拉乱接。,Y,401,630,工程,工程
1C,强电、弱电管井巡查。,井门已上锁，线路无拉乱接。,Y,701,930,工程,工程
1C,强电、弱电管井巡查。,井门已上锁，线路无拉乱接。,Y,1001,1231,工程,工程
1C,工作数据记录：详细清晰规范记录功率数、损耗数、电流、电压等运作数据；下班前拍摄记录表上传。,按时记录，每30分钟记录1次。,D,1,1,高配,高配
1C,检查防鼠器材、防水系统、气体灭火系统是否正常。,1.防鼠挡板完好，缝隙<10毫米；2.应急灯完好可以自己启动；3.灭火器压力正常。,D,1,1,高配,高配
1B,保持机房卫生，每日按公司规范要求进行清洁。,无灰尘，无水患，无乱堆乱放。,D,1,1,高配,高配
1A,按要求填写《值班记录》及《工作日记》。,无漏填内容，记录内容真实。,D,1,1,高配,高配
1C,弱电系统巡查维保，内容：弱电线路、弱电管井等系统日常巡查，是否正常运作，是否存在安全隐患，必要时进行保养或维修。,1.弱电管井100%上锁；2.弱电管井道无乱堆乱放；3.井内走线无交叉。,D,1,1,弱电,弱电
1C,巡查消防系统：控制中心、总控室网络系统、消防控制及设备系统，是否正常运作，是否存在安全隐患，必要时进行保养或维修。,1.设备完好率100%，无灰尘；2.各感应器正常有效；3.联动功能可正常使用。,D,1,1,弱电,弱电
1C,巡查监控系统：设备监控机房、智能化系统，是否正常运作，是否存在安全隐患，必要时进行保养或维修。,1.设备完好率98%，无灰尘；2.线路接头无松动；3.图象显示正常。,D,1,1,弱电,弱电
1C,巡查多媒体设备：关注背景音乐系统、电子屏等，是否正常运作，是否存在安全隐患，必要时进行保养或维修。,1.景观灯100%亮光；2.背景音响可正常使用。,D,1,1,弱电,弱电
1C,巡查对讲通信系统、门禁系统：是否正常运作，是否存在安全隐患，必要时进行保养或维修。,1.对讲功能正常可使用；2.门禁可自动关，无故障。,D,1,1,弱电,弱电
1A,每月更新弱电设备技术资料：包括使用说明书、保修卡、线路图纸等，做好资料的保存及更新。,设备更新完成1周内完成建档。,M,1,31,弱电,弱电
1B,完成消防设施的维护、年检、年审工作。,年检合格证申领完成。,Y,101,1231,弱电,弱电
1B,每天召开队会：1.检查部门下属人员出勤；2.召开班务会交待下属工作计划和人员调配。,无人员缺勤，当天任务100%安排完毕。,D,1,1,保安负责人,保安负责人
1C,抽查岗位出勤纪律，每日多次，内容与要求：1.队员在岗形象，岗位环境干净整洁，物品摆放有序；2.仪容仪表及在岗状态是否符合要求，如无吸烟，无脱岗，无睡岗。,1.男不留胡须，男短发梳理，男前发不盖眉、发侧不过耳，后不过领；2.女队员长发需用发结盘起，发不染色保持自然发色，头发干净无油污；3.穿着职业装；不戴任何首饰；指甲长不得超过2mm，不涂有色指甲油，指甲内无黑垢；4.工作环境整洁，物品摆放整齐；5.人员无吸烟，无脱岗，无睡岗。,D,1,1,保安负责人,保安负责人
1C,检查出入管理管控情况：1.生人来访进行盘问和登记；2.核查大件物品进出登记情况；3.核查出入申请功能使用情况。,1.可疑人员入园100%有盘查；2.来访人员100%有登记；3.大件物品出园100%有放行条；4.装修材料入园100%核实后放行并有登记。,D,1,1,保安负责人,保安负责人
1C,检查安保巡防情况：1.周界报警、围墙、监控探头是否完好；2.防爬刺是否完好；3.是否存在安全隐患；4.安管队员是否进行巡查。,1.周界报警设备完好率100%；2.防爬刺完好无断丝，无人为损坏，无可疑移位；3.无安全隐患；4.队员有按时巡查。,D,1,1,保安负责人,保安负责人
1C,巡逻外围秩序：1.商铺及路面有无占道经营；2.有无乱堆乱放；3.有无安全隐患。,商铺无占道经营，无乱堆乱放，无乱停车，无跑冒滴漏，无安全隐患。,D,1,1,保安负责人,保安负责人
1C,巡查园区、停车场秩序维护，内容：1.园区有无可疑人员；2.公共安全提示是否完好；3.安全通道有无乱停乱放或堵塞情况。,无可疑人员入园，安全提示完好率100%；无乱停乱放，通道无堵塞，无搁置掉落风险物，无异响，无异味，无跑滴冒漏。,D,1,1,保安负责人,保安负责人
1C,巡查地下或地面停车场：1.无乱停乱放；2.无跑滴冒漏；3.无安全隐患。,车辆无乱停乱放，无跑滴冒漏，无安全隐患。,D,1,1,保安负责人,保安负责人
1C,装修巡查：1.每日对装修户巡查多次；2.检查消防设施配备情况，有无消防隐患；3.检查装修人员是否持证上岗；4.发现异常立即处理，违规装修立即制止。,每天有队员巡查，灭火器有配备压力正常，无火灾隐患，装修人员身份100%有登记。,D,1,1,保安负责人,保安负责人
1A,进行催收费工作：电话或上门催收。,完成收费率指标。,D,1,1,保安负责人,保安负责人
1C,抽查小区道闸系统、对讲系统等安防设备是否正常运行，有无损坏等安全隐患。,道闸完好无故障，对讲机完好无损坏，手电筒完好。,W,1,7,保安负责人,保安负责人
1C,巡查小区安全隐患点，内容：1.天台、女儿墙是否有搁置物；2.吊装绳是否完好且正常运行；3.排水口是否堵塞；4.易爬点防爬刺是否完好。,楼宇天面及女儿墙无搁置物，天台无易飘落物，吊装绳无攀爬风险，天面排水口无堵塞，防爬刺完好。,W,1,7,保安负责人,保安负责人
1C,巡逻线路点检查：1.巡更点位是否完好齐整；2.检查队巡记录，是否按时巡查。,巡逻路线100%覆盖安全点，队员按时认真巡查，无作假情况。,W,1,7,保安负责人,保安负责人
1C,检查夜岗值班情况：1.凌晨时段小区夜间安全管理是否符合要求；2.有无人员睡岗、脱岗；3.检查值班记录表。,0点-6点时段完成查岗，无人睡岗，无脱岗。,W,1,7,保安负责人,保安负责人
1C,检查保安宿舍及内务管理：1.室内环境卫生是否干净整洁；2.有无员工在工作时间睡觉休息3.室内防火防灾工作是否到位。,环境卫生整洁，队员按时作息，舍内无吸烟。,W,1,7,保安负责人,保安负责人
1A,制定保安部工作周报并提报给项目经理。,上周工作计划完成率不低于90%，下周工作计划重点工作100%覆盖。,W,1,7,保安负责人,保安负责人
1C,检查小区消防系统，内容：1.消防栓、管道、水管、接头、烟感、喷淋、排风、应急灯、消防斧、消防钳、警报系统是否正常；2.有无队员定期巡查；3.消防通道是否堵塞；4.每月进行一次联动测试，测试是否正常。,1.水压：当建筑高度不超过100米时，高层建筑最大不利点消火栓静水压力不应低于0.07MPa；当建筑高度超过100米时，高层建筑最大不利点消火栓静水压力不应低于0.15MPa；2.有队员按时巡查：3.消防通道无堵塞；4.联动正常，灭火器压力在黄区或绿区，消防栓水管及枪头完好；烟感、喷淋消防广播完好；应急灯完好。,M,1,31,保安负责人,保安负责人
1B,组织军体训练：擒敌拳、三大步伐、消防技能。,初次培训合格率不低于80%，二次培训合格率100%。,M,1,31,保安负责人,保安负责人
1B,保安部技能培训：每月至少组织一次员工技能培训或相关案例学习。,案例重现，现场模拟通过率100%。,M,1,31,保安负责人,保安负责人
1A,每月组织施实对团队或供应商的绩效考核，并对团队状态评估，采取合理激励措施。,考评结果有客观依据，考评等级以人数比例划分，符合20%“优秀”+70%“合格”+10%“要提升”的三级标准。,M,1,31,保安负责人,保安负责人
1A,上报制定物品领用计划、费用预算等报表。,1.非季节性物耗，按上个月度使用总量120%定预留库存量，按差额提报采购量；2.季节性物耗，按上年度同期用量的100%预留库存量，按差额提报采购量。下月费用根据业务需求控制在不超月度预算100%额内申请，超预算要说明。,M,1,31,保安负责人,保安负责人
1A,完成月度工作总结及计划：1.整理停车场管理信息，日常出入管理事件；2.团队思想教育工作总结；3.项目安全隐患报告；4.制定下月工作计划。,1.上月工作计划完成率不低于90%，下月工作计划重点工作100%覆盖；2.完成1轮团队谈心，存在安全隐患事项必须报告与计划。,M,1,31,保安负责人,保安负责人
1C,防台准备：1.发布防台预警通知；2.及时整改违章建筑，消除危险源；3.检查相关应急设备是否可以正常使用。,提前24小时完成防灾检查与准备。,Y,401,630,保安负责人,保安负责人
1C,防台准备：1.发布防台预警通知；2.及时整改违章建筑，消除危险源；3.检查相关应急设备是否可以正常使用。,提前24小时完成防灾检查与准备。,Y,701,930,保安负责人,保安负责人
1C,防涝准备：1.发布防涝预警通知；2.防洪沙袋是否就位；3.对排洪设施进行检查；4.提前通知历史涝点的物品清理和车辆转移。,根据气象台发布暴雨预警等级，1.发布黄色预警：雨中安排每1小时至少巡查1次防涝点；2.发布橙色预警：雨中安排每30分钟至少巡查1次防涝点；3.发布红色预警：雨中安排人员定点监控防涝点。,Y,401,630,保安负责人,保安负责人
1C,防涝准备：1.发布防涝预警通知；2.防洪沙袋是否就位；3.对排洪设施进行检查；4.提前通知历史涝点的物品清理和车辆转移。,根据气象台发布暴雨预警等级，1.发布黄色预警：雨中安排每1小时至少巡查1次防涝点；2.发布橙色预警：雨中安排每30分钟至少巡查1次防涝点；3.发布红色预警：雨中安排人员定点监控防涝点。,Y,701,930,保安负责人,保安负责人
1B,根据年度工作重点进行安排：消防演习，技能比武等事项的实施工作。,按时完成与实施，参与人员100%到场无缺岗。,Y,101,1231,保安负责人,保安负责人
1C,重大节日活动安全检查：消防、治安、防灾大检查。,提前24小时完成检查与整改。,Y,101,1231,保安负责人,保安负责人
1C,组织队伍交接班，内容：1.清点物品数量并确认完好性，如有问题要说明；2.查阅各岗位交接班记录是否规范准确，确认签字。,1.接手的物品完好可正常使用；2.任务100%了解清楚，知道任务目的与方法。,D,1,1,保安领班,保安领班
1B,上班前召开班务会，内容：1.检查队员仪容仪表和出勤是否正常；2.工作安排和人员调配。,1.无人员缺勤；当天任务100%安排完毕；2.男不留胡须，男短发梳理，男前发不盖眉、发侧不过耳，后不过领；3.女队员长发需用发结盘起，发不染色保持自然发色，头发干净无油污；4.穿着职业装；不戴任何首饰；指甲长不得超过2mm，不涂有色指甲油，指甲内无黑垢；5.当天任务100%有分配。,D,1,1,保安领班,保安领班
1C,每天至少多次抽查岗位纪律：人员形象、岗位环境，无吸烟，无脱岗，无睡岗。,1.无脱岗、无睡岗、无吸烟、无跷郎腿；2.访客到3米前，要主动招呼或盘问；3.岗位环境整洁、无垃圾、无异味、岗位物品摆放整齐。,D,1,1,保安领班,保安领班
1A,检查出入管理管控情况：1.生人来访进行盘问和登记；2.核查大件物品进出登记情况；3.核查出入申请功能使用情况。,1.可疑人员入园100%有盘查；2.来访人员100%有登记；3.大件物品出园100%有放行条；4.装修材料入园100%核实后放行并有登记.5.园区门禁能正常使用。,D,1,1,保安领班,保安领班
1C,检查安保巡防情况：1.周界报警、围墙、监控探头是否完好；2.防爬刺是否完好；3.有无安全隐患；4.安管队员是否进行巡查。,周界报警设备完好率100%，防爬刺完好无断丝，无人为损坏，无可疑移位。,D,1,1,保安领班,保安领班
1C,巡逻外围秩序：1.商铺及路面有无占道经营；2.有无乱堆乱放；3.有无安全隐患。,商铺无占道经营，无乱堆乱放，无乱停车，无跑冒滴漏、无安全隐患,D,1,1,保安领班,保安领班
1C,巡查园区、停车场秩序维护，内容：1.园区有无可疑人员；2.公共安全提示是否完好；3.安全通道有无乱停乱放或堵塞情况。,无可疑人员入园，安全提示完好率100%，无乱停乱放，通道无堵塞，无搁置掉落风险物，无异响，无异味，无跑滴冒漏,D,1,1,保安领班,保安领班
1C,巡查地下或地面停车场：1.无乱停乱放；2.无跑滴冒漏；3.无安全隐患。,车辆无乱停乱放，无跑滴冒漏，无安全隐患。,D,1,1,保安领班,保安领班
1C,巡查天台：1.女儿墙是否有搁置物；2.吊装绳是否完好安全3.排水口是否堵塞；4.易爬点防爬刺是否完好。,楼宇天面无搁置物，天台无易飘落物，吊装绳无攀爬风险，天面排水口无堵塞，防爬刺完好。,D,1,1,保安领班,保安领班
1C,装修巡查：1.每日对装修户进行巡查；2.检查消防设施配备情况，有无消防隐患；3.检查装修人员是否持证上岗；4.发现异常立即处理，违规装修立即制止。,每天有队员巡查，灭火器有配备压力正常，无火灾隐患，装修人员身份100%有登记。,D,1,1,保安领班,保安领班
1C,值夜班时，组织队员准点报岗：0：00-6：00时段，每半小时报岗一次（夜班适用）。,每30分钟100%报岗1次，有漏报记录考核，30分钟内查明漏报队员去向。,D,1,-1,保安领班,保安领班
1C,监督抽查小区道闸、监控设备、对讲系统是否正常。,道闸完好无故障，对讲机完好无损坏，手电筒完好。,W,1,7,保安领班,保安领班
1C,监督小区消防系统：消防栓、管道、水管、接头、烟感、喷淋、排风、应急灯、消防斧、消防钳、警报系统是否正常，是否有队员巡查，消防通道是否堵塞。,1.水压：当建筑高度不超过100米时，高层建筑最大不利点消火栓静水压力不应低于0.07MPa；当建筑高度超过100米时，高层建筑最大不利点消火栓静水压力不应低于0.15MPa；2.联动正常，灭火器压力在黄区或绿区，消防通道无堵塞；消防栓水管及枪头完好；烟感、喷淋消防广播完好；应急灯完好。,W,1,7,保安领班,保安领班
1C,巡逻线路点检查：1.巡更点位是否完好齐整；2.检查队巡记录，是否按时巡查。,队员按时认真完成巡查，无作假情况。,W,1,7,保安领班,保安领班
1A,完成本班的周工作总结及队员思想动态汇报，交至上级领导。,每周完成1轮队员谈心，100%掌握队员积极或消极的心态。,W,1,7,保安领班,保安领班
1A,每月28日前提交月度工作总结至保安主管处。,总结上月工作计划完成率100%，下月工作计划重点工作100%覆盖。,M,1,31,保安领班,保安领班
1C,组织及施实对在管下属团队绩效考核及团队状态评估。,考评结果有客观依据，符合20%优秀、70%合格、10%要提升。,M,1,31,保安领班,保安领班
1C,检查队伍交接班情况：1.清点物品数量并确认是否完好无损，若有问题要备注说明；2.查阅各岗位交接班记录是否规范准确，确认签字情况是否正常。,100%了解接手任务内容，接手的设备完好无损。,D,1,1,门岗,门岗
1B,门岗卫生保洁：1.岗亭内地面整洁，桌面物品摆放有序；2.岗亭周围无烟头、纸屑、果皮等垃圾。,岗亭5米范围内环境卫生监管或保洁，做到无明显垃圾，烟头，纸屑，油污。,D,1,1,门岗,门岗
1C,检查停车道闸设备：1.开闭闸是否正常，有无安全隐患；2.如有问题，通过管家田螺发布报修。,1.道闸完好无故障；2.对讲机完好无损坏；3.手电筒完好。,D,1,1,门岗,门岗
1A,装修材料进入管理：1.检查小区“装修材料”的进入登记情况，发现违规情况一律不予放行；2.核查出入申请功能使用情况。,1.可疑人员入园100%有盘查；2.来访人员100%有登记；3.装修材料入园100%核实。,D,1,1,门岗,门岗
1A,物品出园管理：大件物品出园，必须有业主签字的《物品放行条》才可放行，收存档记录（已用爱家田螺的物业，请核查出入申请功能使用情况）。,大件物品出园100%有放行条。,D,1,1,门岗,门岗
1C,检查对讲机、充电座、警棍等安防电器是否正常。,对讲机完好无故障，警棍完好无丢失，手电筒完好无损可正常使用。,W,1,7,门岗,门岗
1A,岗内各项工作记录表格收集汇总归档、交给上级。,工作记录本无丢失、无缺页，每月1号将上月记录交给上级。,M,1,31,门岗,门岗
1B,岗亭内进行大扫除。,岗亭内目视无污迹，地面无油污，桌面无灰尘，设备无尘无污，无垃圾，无异味。,M,1,31,门岗,门岗
1C,交接班：1.查看对讲机等岗位设备是否完好无损；2.与上一班岗位进行遗留事件交接：工作设备是否完好，遗留事件是否清楚明晰。设备工具情况拍照上传存档。,100%了解接手任务内容，接手的设备完好无损。,D,1,1,巡逻岗,巡逻岗
1C,检查安保巡防情况：1.周界报警、围墙、监控探头是否完好；2.防爬刺是否完好；3.有无安全隐患；4.安管队员是否进行巡查。,周界报警设备完好率100%，防爬刺完好无断丝，无人为无损坏，无可疑移位。,D,1,1,巡逻岗,巡逻岗
1C,巡逻外围秩序：1.商铺及路面有无占道经营；2.有无乱堆乱放；3.有无安全隐患。,商铺无占道经营，无乱堆乱放，无乱停车，无跑冒滴漏、无安全隐患。,D,1,1,巡逻岗,巡逻岗
1C,巡查园区、停车场秩序维护，内容：1.园区有无可疑人员；2.公共安全提示是否完好；3.安全通道有无乱停乱放或堵塞情况。,无可疑人员入园，安全提示完好率100%；无乱停乱放，通道无堵塞，无搁置掉落风险物，无异响，无异味，无跑滴冒漏。,D,1,1,巡逻岗,巡逻岗
1C,巡查地下或地面停车场：1.无乱停乱放；2.无跑滴冒漏；3.无安全隐患。,车辆无乱停乱放，无跑滴冒漏，无安全隐患。,D,1,1,巡逻岗,巡逻岗
1C,巡查小区安全隐患点，内容：1.天台、女儿墙是否有搁置物；2.吊装绳是否完好且正常运行；3.排水口是否堵塞；4.易爬点防爬刺是否完好。,楼宇天面及女儿墙无搁置物，天台无易飘落物，吊装绳无攀爬风险，天面排水口无堵塞，防爬刺完好。,D,1,1,巡逻岗,巡逻岗
1C,巡查单元门禁：1.确认是否为常闭状态；2.若有故障或异常，及时通过管家田螺进行报修；3.紧急情况立即上班部门主管。,单元门正常关闭，无破损、无乱张贴。,D,1,1,巡逻岗,巡逻岗
1C,装修巡查：1.每日对装修户进行巡查；2.检查消防设施配备情况，有无消防隐患；3.检查装修人员是否持证上岗；4.发现异常立即处理，违规装修立即制止。,每天对正在装修的户数100%巡查到位；灭火器有配备压力正常，无火灾隐患，装修人员身份100%有登记。,D,1,1,巡逻岗,巡逻岗
1C,巡逻水泵房门面区域：无漏水、无异常声音,晚上用水量高峰期（20：00-22：00）每1个小时巡查1次，无漏水，无异常声音,D,1,1,巡逻岗,巡逻岗
1C,检查监控设备、巡更设备、对讲系统是否正常。,监控探头无遮挡、无损坏，巡更点可使用、无损坏、无丢失，对讲机可使用、无损坏、无丢失。,W,1,7,巡逻岗,巡逻岗
1C,检查小区消防系统，内容：1.消防栓、管道、水管、接头、烟感、喷淋、排风、应急灯、消防斧、消防钳、警报系统是否正常；2.有无队员定期巡查；3.消防通道是否堵塞；4.每月进行一次联动测试，测试是否正常。,1.水压：当建筑高度不超过100米时，高层建筑最大不利点消火栓静水压力不应低于0.07MPa；当建筑高度超过100米时，高层建筑最大不利点消火栓静水压力不应低于0.15MPa；2.联动正常，灭火器压力在黄区或绿区，消防通道无堵塞；消防栓水管及枪头完好；烟感、喷淋消防广播完好；应急灯完好。,W,1,7,巡逻岗,巡逻岗
1A,月度资料进行整理，上交上级。,每月1日把上月的消防记录等收集上交，记录本无丢失、无缺页、每月1号将上月记录交给上级。,M,1,31,巡逻岗,巡逻岗
1C,防台准备：1.发布防台预警通知；2.及时整改违章建筑，消除危险源；3.检查相关应急设备是否可以正常使用。,提前24小时完成防灾检查与准备。,Y,101,301,巡逻岗,巡逻岗
1C,防台准备：1.发布防台预警通知；2.及时整改违章建筑，消除危险源；3.检查相关应急设备是否可以正常使用。,提前24小时完成防灾检查与准备。,Y,401,630,巡逻岗,巡逻岗
1C,防台准备：1.发布防台预警通知；2.及时整改违章建筑，消除危险源；3.检查相关应急设备是否可以正常使用。,提前24小时完成防灾检查与准备。,Y,701,930,巡逻岗,巡逻岗
1C,防台准备：1.发布防台预警通知；2.及时整改违章建筑，消除危险源；3.检查相关应急设备是否可以正常使用。,提前24小时完成防灾检查与准备。,Y,1001,1231,巡逻岗,巡逻岗
1C,防涝准备：1.发布防涝预警通知；2.防洪沙袋是否就位；3.对排洪设施进行检查；4.提前通知历史涝点的物品清理和车辆转移。,根据气象台发布暴雨预警等级，1.发布黄色预警：雨中安排每1小时至少巡查1次防涝点；2.发布橙色预警：雨中安排每30分钟至少巡查1次防涝点；3.发布红色预警：雨中安排人员定点监控防涝点。,Y,101,301,巡逻岗,巡逻岗
1C,防涝准备：1.发布防涝预警通知；2.防洪沙袋是否就位；3.对排洪设施进行检查；4.提前通知历史涝点的物品清理和车辆转移。,根据气象台发布暴雨预警等级，1.发布黄色预警：雨中安排每1小时至少巡查1次防涝点；2.发布橙色预警：雨中安排每30分钟至少巡查1次防涝点；3.发布红色预警：雨中安排人员定点监控防涝点。,Y,401,630,巡逻岗,巡逻岗
1C,防涝准备：1.发布防涝预警通知；2.防洪沙袋是否就位；3.对排洪设施进行检查；4.提前通知历史涝点的物品清理和车辆转移。,根据气象台发布暴雨预警等级，1.发布黄色预警：雨中安排每1小时至少巡查1次防涝点；2.发布橙色预警：雨中安排每30分钟至少巡查1次防涝点；3.发布红色预警：雨中安排人员定点监控防涝点。,Y,701,930,巡逻岗,巡逻岗
1C,防涝准备：1.发布防涝预警通知；2.防洪沙袋是否就位；3.对排洪设施进行检查；4.提前通知历史涝点的物品清理和车辆转移。,根据气象台发布暴雨预警等级，1.发布黄色预警：雨中安排每1小时至少巡查1次防涝点；2.发布橙色预警：雨中安排每30分钟至少巡查1次防涝点；3.发布红色预警：雨中安排人员定点监控防涝点。,Y,1001,1231,巡逻岗,巡逻岗
1C,重大节日活动安全检查：消防、治安、防灾大检查。,提前24小时完成检查与整改。,Y,101,301,巡逻岗,巡逻岗
1C,重大节日活动安全检查：消防、治安、防灾大检查。,提前24小时完成检查与整改。,Y,401,630,巡逻岗,巡逻岗
1C,重大节日活动安全检查：消防、治安、防灾大检查。,提前24小时完成检查与整改。,Y,701,930,巡逻岗,巡逻岗
1C,重大节日活动安全检查：消防、治安、防灾大检查。,提前24小时完成检查与整改。,Y,1001,1231,巡逻岗,巡逻岗
1C,进行交接班，内容：1.清点物品数量并确认完好性，如有问题要说明；2.查阅各岗位交接班记录是否规范准确，确认签字。,100%了解接手任务内容，接手的设备完好无损。,D,1,1,监控岗,监控岗
1B,岗位整理：1.桌面文件与工具摆放；2.确认防鼠挡板是否有破损；3.其他工具或物品摆放有序。,桌面物品摆放整齐有序，无乱堆乱放，防鼠挡板无破损，工作记录本无缺失，无破损。,D,1,1,监控岗,监控岗
1A,日常监控工作记录，内容：1.监察是否有可疑人员走动；2.注意可疑情况或特别事件的潜在发生，如有异常及时通知巡逻岗及领班处理，并记清晰规范记录。,1.定时记录，记录情况无空白；2.可疑情况100%呼叫队员去核查。,D,1,1,监控岗,监控岗
1A,消防主机运行状态记录，内容：1.有报警声及时派发任务给巡逻岗查看，即使是误报也要记录在案；2.如遇到真实警情，尽快通知上级主管，按演练流程执行任务。,定时记录，记录情况无空白，产生警报100%呼叫队员去核查，属误报记录在案，真实警报1分钟内通知到上级主管。,D,1,1,监控岗,监控岗
1A,监控设施设备维护：1.设备有故障或损坏的，及时上报保安主管；2.通过管家田螺向工程维修人员发布报修。,故障100%有报修；超过48小时未修好，上报保安责任人；超过一周未修好，上报项目负责人。,D,1,1,监控岗,监控岗
1B,下班前打扫岗位卫生：地面干净整洁，物品摆放有序。,下班前后30分钟内完成清洁及整理，现场无垃圾、无烟头、桌面无灰尘。,D,1,1,监控岗,监控岗
1A,对有案发或特别事件，需要存档记录的，及时导出监控资料，交给服务中心存档，避免视频资源丢失,对于特别事件100%有视频存档，视情况延长保存期。,W,1,7,监控岗,监控岗
1B,监控设备进行月度大扫除。,岗亭内目视无污迹，地面无油污，桌面无灰尘，设备无尘无污，无垃圾，无异味。,M,1,31,监控岗,监控岗
1A,监控月度资料表格进行整理，上交上级。,工作记录本无丢失、无缺页、每月1号将上月记录交给上级。,M,1,31,监控岗,监控岗
1C,组织队伍交接班，内容：1.清点物品数量并确认完好性，如有问题要说明；2.查阅各岗位交接班记录是否规范准确，确认签字。,100%了解接手任务内容，接手的设备完好无损。,D,1,1,车库岗,车库岗
1B,岗亭卫生保洁：1.岗亭内地面整洁，桌面物品摆放有序；2.岗亭周围无烟头、纸屑、果皮等垃圾。,物品摆放整齐有序，收费票据无缺失，工作记录本无缺失、无破损，地面干净整洁。,D,1,1,车库岗,车库岗
1C,检查停车道闸设备：1.开闭闸是否正常，有无安全隐患；2.如有问题，通过管家田螺发布报修。,车库道闸完好无损，可正常使用。,D,1,1,车库岗,车库岗
1B,每天下班前清理岗位卫生：清扫地面、清抹桌子、物品归位。,下班前后30分钟内完成清洁及整理，现场无垃圾、无烟头、桌面无灰尘。,D,1,1,车库岗,车库岗
1A,每天检查核对车辆进出情况：1.车辆进出时间；2.收费和发票派发情况，做到票帐相符。,票账相符，无多收、无少收、无漏收。,D,1,1,车库岗,车库岗
1A,车辆出入统计：1.可疑车辆出入要核查登记；2.对异常、问题车辆进行拍照、备注并上报。,记录登记无错漏。,D,1,1,车库岗,车库岗
1A,关于费用上交办法：1.财务下班前，将当天收到的费用上交给财务；2.财务下班后，按要求妥善管理收到的费用，并在第二天财务上班后立即交财务。,财务下班前30分钟内完成费用提交，交接账目清晰，账、钱、票三项相符。,D,1,1,车库岗,车库岗
1C,每日组织召开晨会，内容：1.检查部门人员出勤情况；2.安排日常工作及人员调配。,无人员缺勤，当天任务100%安排完毕。,D,1,1,保洁负责人,保洁负责人
1C,检查驻场人员的工作着装、形象和岗位纪律。,穿工作服，身上无异味。,D,1,1,保洁负责人,保洁负责人
1A,进行催收费工作。,完成收费率指标。,D,1,1,保洁负责人,保洁负责人
1C,检查果皮箱、垃圾桶及绿化垃圾是否及时清理。,垃圾超过桶深2/3，需要立即清理，平时定期清理。,D,1,1,保洁负责人,保洁负责人
1C,巡查车库（包含自行车库）、商铺、公共道路及外围的清洁卫生情况,无垃圾、无积水、无异味。,D,1,1,保洁负责人,保洁负责人
1C,抽查单元楼卫生情况，内容：单元门、大堂、地面、玻璃、设施、墙面、电梯、天花、地毯等是否存在异味、杂物堆放、乱贴乱画等现象。,无垃圾，无积水、无明显油迹、无异味、无杂物堆放、无乱贴乱画、无鼠虫迹、无蜘蛛网，坐椅无灰尘。,D,1,1,保洁负责人,保洁负责人
1C,检查小区路面、路灯、标识标牌、石材、景观清洁效果是否符合。,无垃圾，无积水、无乱贴乱画、无蜘蛛网。,D,1,1,保洁负责人,保洁负责人
1C,检查人工湖、喷水池等水系，内容：1.水质是否清澈无杂物，池边是否有青苔；2.设备是否完好，是否存在安全隐患。,无青苔、无漂浮物、无落叶、无生活垃圾、水质无异味。,D,1,1,保洁负责人,保洁负责人
1C,检查公共卫生间：1.地面、墙面、门、坑位等清洁，有无冲洗；2.垃圾及时倾倒，有无异味。,1.地面墙面整洁卫生，无垃圾、无苍蝇、坑位无粪便遗留；2.垃圾桶、垃圾篓的垃圾量不超过2/3。,D,1,1,保洁负责人,保洁负责人
1C,检查人流量多的主要出入口卫生情况，是否有巡回保洁，保洁效果是否达标。,早晚高峰期每30分钟巡回保洁1次。,D,1,1,保洁负责人,保洁负责人
1C,检查电梯保洁效果，要求：门槽、轿厢内无垃圾，无明显锈迹，无异味,轿厢内无垃圾、无异味、墙面无污渍无锈迹、按键无污渍、无蜘蛛网。,W,1,7,保洁负责人,保洁负责人
1C,检查消防通道扶手、护栏、楼道开关门窗的清洁剂擦抹情况。,扶手无灰尘、护栏无污渍、楼道无垃圾，开关无污渍、门窗无灰尘、通道无积水无油污。,W,1,7,保洁负责人,保洁负责人
1C,检查天台、女儿墙、飘台、雨篷，是否有杂物乱堆乱放。,无垃圾、无杂物、无乱堆乱放、无搁置物。,W,1,7,保洁负责人,保洁负责人
1B,组织地面路面清洗：积泥花岗岩路面冲洗、油污重的水磨石地面机洗。,无垃圾、无积水、无泥污。,W,1,7,保洁负责人,保洁负责人
1B,组织对小区内有光泽度的室内地面石材进行晶面处理、抛光。,晶面光泽度不少于80度。,W,1,7,保洁负责人,保洁负责人
1C,检查地面及天台排水沟情况，要求：排水通畅无堵塞，如有问题及时安排人员疏通。,无垃圾，无堵塞、排水畅顺。,W,1,7,保洁负责人,保洁负责人
1C,检查休闲娱乐设施、建筑小品、标识标牌：无污渍、无明显灰尘、无锈迹。,无污渍、无明显灰尘、无锈迹。,W,1,7,保洁负责人,保洁负责人
1C,检查园区垃圾桶清洗情况，垃圾房、垃圾车冲洗情况。,无异味、无苍蝇，地面无污水横流、无垃圾。,W,1,7,保洁负责人,保洁负责人
1C,巡查工作计划落实情况，制定环境部工作周报并提报项目经理。,上周工作计划完成率不低于90%，下周工作计划重点工作100%覆盖。,W,1,7,保洁负责人,保洁负责人
1C,安排检查四害消杀区域是否正常，要求：积水地点灭蚊，捕鼠器放置点维护，蟑螂白蚁防治点维护，垃圾房除虫等。,积水点无蚊子幼虫、无鼠害鼠迹、无白蚁、无苍蝇、无蟑螂。,M,1,31,保洁负责人,保洁负责人
1B,实施月度培训计划，组织培训，培训过程监管拍照上传。,一次培训合格率不低于80%，二次培训合格率100%。,M,1,31,保洁负责人,保洁负责人
1A,组织及施实月度考核：对在管下属团队或外包供应商，进行绩效考核及团队状态评估。,自管团队：考评结果有客观依据，考评等级以人数比例划分，符合20%“优秀”+70%“合格”+10%“要提升”的三级标准。外包团队：考评结果有客观依据，奖罚分明。,M,1,31,保洁负责人,保洁负责人
1A,每月28日前提交《月度总结及工作计划》至项目经理。,上月工作计划完成率不低于90%，下月工作计划重点工作100%覆盖。,M,1,31,保洁负责人,保洁负责人
1B,雨季防涝计划：清理天面飘台路面排水口、疏通路面车库排水管。,无堵塞，积水及时处理。,Y,101,301,保洁负责人,保洁负责人
1B,雨季防涝计划：清理天面飘台路面排水口、疏通路面车库排水管。,无堵塞，积水及时处理。,Y,401,630,保洁负责人,保洁负责人
1B,雨季防涝计划：清理天面飘台路面排水口、疏通路面车库排水管。,无堵塞，积水及时处理。,Y,701,930,保洁负责人,保洁负责人
1B,雨季防涝计划：清理天面飘台路面排水口、疏通路面车库排水管。,无堵塞，积水及时处理。,Y,1001,1231,保洁负责人,保洁负责人
1B,冬季除雪：路面防结冰，乔木防雪压。,路面结冰及时处理，无积雪压坏绿化。,Y,101,301,保洁负责人,保洁负责人
1B,冬季除雪：路面防结冰，乔木防雪压。,路面结冰及时处理，无积雪压坏绿化。,Y,401,630,保洁负责人,保洁负责人
1B,冬季除雪：路面防结冰，乔木防雪压。,路面结冰及时处理，无积雪压坏绿化。,Y,701,930,保洁负责人,保洁负责人
1B,冬季除雪：路面防结冰，乔木防雪压。,路面结冰及时处理，无积雪压坏绿化。,Y,1001,1231,保洁负责人,保洁负责人
1B,季度清洁计划：窗帘清洗、设施清洗、水池冲洗、高杆灯清洁、旱沟石清洗。,计划完成率100%。,Y,101,301,保洁负责人,保洁负责人
1B,季度清洁计划：窗帘清洗、设施清洗、水池冲洗、高杆灯清洁、旱沟石清洗。,计划完成率100%。,Y,401,630,保洁负责人,保洁负责人
1B,季度清洁计划：窗帘清洗、设施清洗、水池冲洗、高杆灯清洁、旱沟石清洗。,计划完成率100%。,Y,701,930,保洁负责人,保洁负责人
1B,季度清洁计划：窗帘清洗、设施清洗、水池冲洗、高杆灯清洁、旱沟石清洗。,计划完成率100%。,Y,1001,1231,保洁负责人,保洁负责人
1C,每日组织召开晨会，内容：1.检查部门人员出勤情况；2.安排日常工作及人员调配。,无人员缺勤，当天任务100%安排完毕。,D,1,1,绿化负责人,绿化负责人
1C,检查驻场人员的工作着装、形象和岗位纪律。,穿工作服，身上无异味。,D,1,1,绿化负责人,绿化负责人
1A,进行催收费工作。,完成收费率指标。,D,1,1,绿化负责人,绿化负责人
1C,检查小区绿化生长情况，有无病虫害，修剪是否得当美观，有无杂草、垃圾、积水、鼠洞、裸露黄土等现象。,营养充足、无病虫害、修剪及时美观不走型，无野生杂草，无裸露黄土、无鼠洞、无生活垃圾,D,1,1,绿化负责人,绿化负责人
1B,组织浇水：只能早上傍晚浇、确保浇透而又不浪费。,1.雨天不浇，目测土壤含水量少于30%需要浇水；2.浇水浇根部，草本要浇透至土下约20厘米，乔木根据树根深度浇至50-100厘米度。,D,1,1,绿化负责人,绿化负责人
1C,巡查小区名贵木种，生长环境是否正常，有无病虫害。,购置在2万元/株以上的苗木，生长环境良好，无病虫害。,D,1,1,绿化负责人,绿化负责人
1B,组织修剪、防害、除病、堆肥、除杂草工作。,1.生长修剪保持原形，整形修剪美观有层次；2.杂草在超过种植绿化高度之前除掉；除虫效果100%灭杀；3.发现害情48小时内处理完成；发现病情7天处理完成；堆肥提前2个月准备。,D,1,1,绿化负责人,绿化负责人
1C,检查园区现场喷洒药品后，必须挂放标识标牌。,喷洒完成立即挂上，挂牌位置醒目明显，无遮挡。,D,1,1,绿化负责人,绿化负责人
1C,检查清洁绿化药品及用品，确保安全存放、安全使用（危险品使用和管理）。,药品不得离开使用人视野，药品使用完成必须立即封存带离现场。,D,1,1,绿化负责人,绿化负责人
1A,巡查工作计划落实情况，制定部门工作周报并提交项目经理。,上周工作计划完成率不低于90%，下周工作计划重点工作100%覆盖。,D,1,1,绿化负责人,绿化负责人
1C,检查四害消杀重区域，内容：积水地点是否灭蚊，垃圾房是否除虫，捕鼠器放置点、蟑螂白蚁防治点是否完好。,积水点无蚊子幼虫、无鼠害鼠迹、无白蚁、无苍蝇、无蟑螂。,M,1,31,绿化负责人,绿化负责人
1B,根据季节，安排绿化除草、除虫、修剪、补种、防冻等工作（春秋补种及修剪、春夏除草除虫、冬防冻）。,补种成活率90%以上；防冻成功率100%；防旱在早上浇注平时150%水量；防涝在积水不超过48小时内处理。,M,1,31,绿化负责人,绿化负责人
1A,实施月度培训计划，组织培训，培训过程监管拍照上传。,一次培训合格率不低于80%，二次培训合格率100%。,M,1,31,绿化负责人,绿化负责人
1A,组织及实施月度考核：对在管下属团队或外包供应商，进行绩效考核及团队状态评估。,自管团队：考评结果有客观依据，考评等级以人数比例划分，符合20%“优秀”+70%“合格”+10%“要提升”的三级标准；外包团队：考评结果有客观依据，奖罚分明。,M,1,31,绿化负责人,绿化负责人
1A,每月28日前提交《月度总结及工作计划》至项目经理。,上月工作计划完成率不低于90%，下月工作计划重点工作100%覆盖。,M,1,31,绿化负责人,绿化负责人
1B,绿化季度养护计划落实：春天补种修剪计划落实、夏天浇水除虫监管落实、秋季修剪补种计划落实、冬季防冻工作落实。,绿化计划完成率不低于100%。,Y,101,301,绿化负责人,绿化负责人
1B,绿化季度养护计划落实：春天补种修剪计划落实、夏天浇水除虫监管落实、秋季修剪补种计划落实、冬季防冻工作落实。,绿化计划完成率不低于100%。,Y,401,630,绿化负责人,绿化负责人
1B,绿化季度养护计划落实：春天补种修剪计划落实、夏天浇水除虫监管落实、秋季修剪补种计划落实、冬季防冻工作落实。,绿化计划完成率不低于100%。,Y,701,930,绿化负责人,绿化负责人
1B,绿化季度养护计划落实：春天补种修剪计划落实、夏天浇水除虫监管落实、秋季修剪补种计划落实、冬季防冻工作落实。,绿化计划完成率不低于100%。,Y,1001,1231,绿化负责人,绿化负责人
